id,total,m20vref,m20v,massref,mass
1,52866,M20V00157,FA-1,MASS00228,BA-5/BA-7
2,50059,M20V00176,FA-1,MASS00421,BA-5
3,37883,M20V00078,FA-1,MASS00323,BA-5
4,45459,M20V00685,FA-2,MASS00917,BA-2
5,34389,M20V00003,FA-2,MASS00227,BA-2
6,33891,M20V00192,FA-1,MASS00423,BA-5
7,25884,M20V01142,FA-3,MASS01218,BA-3/BA-4Panas
8,31125,M20V00222,FA-1,MASS00486,BA-5
9,29510,M20V00153,FA-1,MASS00400,BA-5/BA-8SSP
10,29421,M20V00010,FA-2,MASS00238,BA-1/BA-4Panas
11,24501,M20V00104,FA-1,MASS00358,BA-5/BA-8Es
12,26013,M20V01342,FA-2,MASS01336,BA-1/BA-4ABB
13,26910,M20V00189,FA-1,MASS00434,BA-7
14,17806,M20V00803,FA-2,MASS00998,BA-1/BA-4StABB
15,23561,M20V00707,FA-2,MASS00935,P/BA-2
16,16053,M20V01967,FA-2,MASS01793,BA-3/BA-4Panas
17,19237,M20V00246,FA-1,MASS00515,BA-5
18,22473,M20V00639,FA-3,MASS00880,P/BA-2
19,16615,M20V01968,FA-2,MASS01794,BA-3/BA-4Panas
20,16730,M20V01953,FA-2,MASS01793,BA-3/BA-4Panas
21,27417,M20V00651,FA-2,MASS00890,BA-2
22,16728,M20V00191,FA-1,MASS00436,BA-5
23,15121,M20V01381,FA-2,MASS01336,BA-1/BA-4ABB
24,17666,M20V01465,FA-1,MASS00486,BA-5
25,18972,M20V00215,FA-1,MASS00477,BA-7
26,19499,M20V01218,FA-2,MASS01285,P/BA-3
27,17571,M20V01404,FA-2,MASS01384,BA-1/BA-4ZABB
28,16889,M20V00223,FA-1,MASS00487,BA-5
29,15153,M20V01925,FA-2,MASS01777,P/BA-3/BA-4St
30,16678,M20V00062,FA-1,MASS00302,BA-5/BA-7
31,14730,M20V00727,FA-3,MASS00950,P/BA-1/BA-4CLOOS
32,16149,M20V00447,FA-1,MASS00717,BA-5
33,12857,M20V01457,FA-1,MASS00486,BA-5
34,13779,M20V00772,FA-2,MASS00977,BA-1/BA-4CLOOS
35,14759,M20V00178,FA-1,MASS00535,BA-5/BA-7
36,14212,M20V01915,FA-2,MASS01767,BA-3/BA-4Panas
37,16900,M20V00156,FA-1,MASS00403,BA-5
38,11754,M20V01921,FA-2,MASS01759,P/BA-1/BA-4
39,13158,M20V01920,FA-2,MASS01769,BA-3/BA-4Panas
40,13500,M20V01450,FA-1,MASS01448,BA-5
41,13608,M20V00807,FA-2,MASS01000,BA-4StABB/P/BA-1
42,11573,M20V01111,FA-2,MASS01203,BA-3/BA-4
43,10323,M20V01289,FA-2,MASS01336,BA-1/BA-4ABB
44,13760,M20V00227,FA-1,MASS00491,BA-5
45,14589,M20V01229,FA-2,MASS01294,P/BA-3
46,12496,M20V00808,FA-2,MASS01001,BA-4StABB/P/BA-1
47,10379,M20V01110,FA-2,MASS01202,BA-3/BA-4
48,11848,M20V01084,FA-3,MASS01189,P/BA-3
49,12302,M20V00600,FA-2,MASS00849,P/BA-1/BA-4ABB
50,12012,M20V00598,FA-2,MASS00847,P/BA-1/BA-4ABB
51,10166,M20V01382,FA-2,MASS01336,BA-1/BA-4ABB
52,11527,M20V00259,FA-1,MASS00536,BA-5
53,12041,M20V00776,FA-2,MASS00952,P/BA-1/BA-4CLOOS
54,12165,M20V00542,FA-2,MASS00805,P/BA-1/BA-4Z
55,8691,M20V00200,FA-1,MASS00444,BA-5
56,11357,M20V00277,FA-2,MASS00549,BA-1/BA-4CLOOS
57,8105,M20V01497,FA-1,MASS01464,BA-7
58,10456,M20V00249,FA-2,MASS00518,BA-1/BA-4ABB
59,15442,M20V00212,FA-1,MASS00474,BA-5
60,10512,M20V00477,FA-1,MASS00746,BA-5
61,9384,M20V01979,FA-2,MASS01786,BA-2
62,11874,M20V01490,FA-1,MASS00940,BA-5
63,10335,M20V00248,FA-2,MASS00517,BA-1/BA-4ABB
64,7564,M20V01364,FA-2,MASS01384,BA-1/BA-4ZABB
65,11124,M20V00199,FA-1,MASS00443,BA-5
66,10983,M20V00213,FA-1,MASS00475,BA-5
67,8593,M20V01509,FA-1,MASS01476,BA-5
68,11188,M20V00476,FA-1,MASS00745,BA-5
69,9694,M20V01412,FA-1,MASS00982,BA-5
70,8994,M20V00224,FA-2,MASS00488,BA-1/BA-4CLOOS
71,11800,M20V00460,FA-1,MASS00730,BA-5
72,8051,M20V00700,FA-1,MASS00929,BA-1/BA-8EsSSW
73,9544,M20V00177,FA-1,MASS00422,BA-7
74,7872,M20V01446,FA-1,MASS00486,BA-5
75,9070,M20V00088,FA-1,MASS00337,BA-5/BA-7
76,11111,M20V00057,FA-1,MASS00299,BA-5
77,7756,M20V00229,FA-2,MASS00494,BA-1/BA-4ABB
78,10077,M20V00866,FA-2,MASS01039,BA-4St/P/BA-1
79,8750,M20V01930,FA-2,MASS01767,BA-3/BA-4Panas
80,11051,M20V00181,FA-1,MASS00425,BA-5
81,9177,M20V00263,FA-1,MASS00540,BA-5
82,9812,M20V00131,FA-1,MASS00384,BA-5/BA-8EsSSW
83,4673,M20V01552,FA-2,MASS01501,BA-1/BA-4ABB
84,7524,M20V00100,FA-1,MASS00351,BA-5/BA-7
85,7724,M20V01513,FA-1,MASS00477,BA-7
86,8275,M20V00965,FA-2,MASS01119,P/BA-1/BA-4ABB
87,6452,M20V00657,FA-1,MASS00895,BA-5
88,9453,M20V00766,FA-1,MASS00957,BA-5
89,7659,M20V00233,FA-1,MASS00497,BA-5
90,9047,M20V00342,FA-1,MASS00608,BA-5
91,6551,M20V01487,FA-1,MASS01460,BA-7
92,9038,M20V00907,FA-2,MASS01089,P/BA-1/BA-4CLOOS
93,9027,M20V00906,FA-2,MASS01088,P/BA-1/BA-4CLOOS
94,8448,M20V00810,FA-1,MASS01073,BA-5/BA-8EsSSP
95,7953,M20V00030,FA-2,MASS00257,BA-2Z
96,7966,M20V01463,FA-2,MASS01453,BA-2/BA-4St
97,8001,M20V01486,FA-1,MASS00486,BA-5
98,9725,M20V00478,FA-1,MASS00747,BA-5/BA-8Es/RAx2
99,8485,M20V00234,FA-1,MASS00506,BA-5
100,8089,M20V00979,FA-2,MASS01131,P/BA-2
101,8067,M20V01688,FA-2,MASS01589,BA-3/BA-4Panas
102,8309,M20V00122,FA-1,MASS00377,BA-5/BA-7
103,7076,M20V00882,FA-2,MASS01039,BA-4St/P/BA-1
104,5730,M20V01115,FA-2,MASS01202,BA-3/BA-4
105,7209,M20V00815,FA-1,MASS01007,BA-5
106,8044,M20V00125,FA-1,MASS00379,BA-5/BA-8Es
107,7243,M20V00324,FA-2,MASS00538,BA-2
108,7556,M20V00081,FA-1,MASS00331,BA-5/BA-7
109,7767,M20V00029,FA-2,MASS00256,BA-2Z
110,9574,M20V00023,FA-2,MASS00253,BA-2
111,6542,M20V00488,FA-1,MASS00759,BA-5
112,7602,M20V00325,FA-2,MASS00537,BA-2
113,6914,M20V00710,FA-2,MASS00917,BA-2
114,8505,M20V00496,FA-1,MASS00768,BA-5
115,6141,M20V00832,FA-2,MASS01022,BA-1/BA-4StABB
116,7928,M20V01529,FA-1,MASS01486,BA-7
117,7343,M20V01646,FA-1,MASS01562,BA-7
118,11466,M20V00198,FA-1,MASS00442,BA-5/BA-8EsSSW
119,6383,M20V01384,FA-2,MASS01384,BA-1/BA-4ZABB
120,8025,M20V00753,FA-2,MASS00967,P/BA-2
121,6752,M20V00773,FA-2,MASS00978,P/BA-1/BA-4St
122,6212,M20V00065,FA-1,MASS00318,BA-5/BA-7
123,5926,M20V01491,FA-1,MASS00864,BA-7
124,14382,M20V01466,FA-1,MASS01454,BA-5/BA-8Es
125,5268,M20V01087,FA-2,MASS01183,BA-2
126,6415,M20V00604,FA-2,MASS00853,P/BA-1/BA-4St
127,5659,M20V01116,FA-2,MASS01203,BA-3/BA-4
128,5417,M20V01152,FA-2,MASS01234,P/BA-1/BA-4ABB
129,5799,M20V00295,FA-2,MASS00559,BA-2
130,5006,M20V01898,FA-2,MASS01755,P/BA-1/BA-4
131,6821,M20V00024,FA-2,MASS00254,BA-2Z
132,6970,M20V00290,FA-1,MASS00358,BA-5/BA-8Es
133,8522,M20V00171,FA-1,MASS00418,BA-5
134,6062,M20V00296,FA-2,MASS00560,BA-2
135,5446,M20V00321,FA-1,MASS00587,BA-5
136,6755,M20V00814,FA-1,MASS00676,BA-5/BA-8EsSSP
137,7723,M20V00738,FA-2,MASS00955,P/BA-2Z
138,5459,M20V01148,FA-3,MASS01218,BA-3/BA-4Panas
139,6785,M20V00226,FA-1,MASS00490,BA-5
140,6539,M20V00028,FA-2,MASS00255,BA-2Z
141,6856,M20V01495,FA-1,MASS01448,BA-5
142,6001,M20V00975,FA-2,MASS01127,BA-1/BA-4ABB
143,5543,M20V00224,FA-2,MASS00488,BA-1/BA-4CLOOS
144,5008,M20V01279,FA-2,MASS01178,BA-2Z
145,5529,M20V00952,FA-1,MASS01113,BA-5
146,5653,M20V00914,FA-2,MASS01092,P/BA-1/BA-4ABB
147,5432,M20V00696,FA-1,MASS00927,BA-5
148,6283,M20V00634,FA-2,MASS00877,P/BA-1/BA-4ABB
149,16029,M20V00182,FA-1,MASS00426,BA-5
150,5707,M20V00310,FA-2,MASS00221,BA-2
151,4721,M20V01280,FA-2,MASS01179,BA-2Z
152,6589,M20V00283,FA-1,MASS00552,BA-5
153,4621,M20V00632,FA-2,MASS00849,P/BA-1/BA-4ABB
154,6200,M20V00467,FA-1,MASS00737,BA-5
155,5303,M20V01488,FA-1,MASS01315,BA-7
156,4129,M20V01281,FA-3,MASS01332,P/BA-3/BA-4Panas
157,5770,M20V01493,FA-1,MASS01462,BA-5
158,6408,M20V00258,FA-1,MASS00534,BA-5/BA-8SSPSSW
159,6511,M20V00204,FA-1,MASS00460,BA-5/BA-8SSP
160,5849,M20V00005,FA-2,MASS00221,BA-2
161,5909,M20V00006,FA-2,MASS00222,BA-2
162,5131,M20V00366,FA-1,MASS00640,BA-5
163,7440,M20V01538,FA-1,MASS00960,BA-7
164,4918,M20V01207,FA-2,MASS01274,P/BA-2
165,6633,M20V01460,FA-1,MASS00486,BA-5
166,4916,M20V00614,FA-1,MASS00861,BA-5
167,6382,M20V00806,FA-2,MASS00999,BA-4St/P/BA-1
168,4773,M20V01311,FA-1,MASS01350,BA-5
169,4399,M20V00628,FA-1,MASS00874,BA-5
170,4600,M20V00757,FA-2,MASS00968,BA-1/BA-4ABB
171,5059,M20V00498,FA-1,MASS00770,BA-5
172,5150,M20V00092,FA-1,MASS00341,BA-5/BA-7
173,5862,M20V00851,FA-1,MASS01026,BA-5/BA-8SSP
174,5710,M20V01385,FA-1,MASS01009,BA-7
175,3737,M20V01099,FA-2,MASS01202,BA-3/BA-4
176,5575,M20V00077,FA-1,MASS00328,BA-5
177,6136,M20V00323,FA-2,MASS00576,P/BA-2/BA-4ABB
178,4359,M20V00066,FA-1,MASS00302,BA-5/BA-7
179,3671,M20V00591,FA-2,MASS00805,P/BA-1/BA-4Z
180,4193,M20V01027,FA-2,MASS01124,BA-1/BA-4ABB
181,4382,M20V00620,FA-1,MASS00870,BA-5
182,5443,M20V00161,FA-1,MASS00400,BA-5/BA-8SSP
183,4547,M20V01498,FA-1,MASS00960,BA-7
184,5405,M20V01906,FA-2,MASS01760,P/BA-2/BA-4Panas
185,3948,M20V01768,FA-2,MASS01657,BA-1/BA-4ABB
186,4581,M20V00232,FA-2,MASS00488,BA-1/BA-4CLOOS
187,5771,M20V00286,FA-1,MASS00555,BA-5
188,5902,M20V00905,FA-3,MASS01087,P/BA-1/BA-4CLOOS
189,3966,M20V00330,FA-2,MASS00405,BA-1/BA-4St
190,3091,M20V01398,FA-2,MASS01336,BA-1/BA-4ABB
191,5363,M20V00624,FA-1,MASS00872,BA-5
192,3978,M20V01454,FA-1,MASS00486,BA-5
193,5027,M20V00787,FA-1,MASS00983,BA-5
194,5343,M20V00909,FA-3,MASS01090,P/BA-1/BA-4CLOOS
195,5770,M20V00190,FA-1,MASS00435,BA-5
196,6535,M20V00407,FA-1,MASS00676,BA-5/BA-8EsSSP
197,8375,M20V00964,FA-2,MASS01118,P/BA-1/BA-4ABB
198,4824,M20V01907,FA-2,MASS01761,P/BA-2/BA-4Panas
199,5141,M20V00829,FA-1,MASS01019,BA-5
200,4785,M20V01129,FA-3,MASS01218,BA-3/BA-4Panas
201,4324,M20V01025,FA-2,MASS01124,BA-1/BA-4ABB
202,4679,M20V01459,FA-1,MASS00486,BA-5
203,3579,M20V00329,FA-2,MASS00404,BA-1/BA-4St
204,4357,M20V00252,FA-1,MASS00228,BA-5/BA-7
205,3861,M20V00988,FA-2,MASS01118,P/BA-1/BA-4ABB
206,3580,M20V00306,FA-1,MASS00569,BA-5
207,6828,M20V00166,FA-1,MASS00413,BA-5/BA-8SSP
208,5521,M20V00816,FA-2,MASS01008,BA-4St/P/BA-1
209,5027,M20V00303,FA-1,MASS00567,BA-5/BA-8SSPSSW
210,3002,M20V00343,FA-2,MASS00609,BA-1/BA-4ABB
211,3426,M20V01897,FA-2,MASS01754,P/BA-1/BA-4
212,3098,M20V00355,FA-2,MASS00627,BA-1/BA-4ABB
213,4645,M20V01138,FA-2,MASS01224,P/BA-3/BA-4St
214,3923,-,-,brak,brak
215,3601,M20V01940,FA-2,MASS01786,BA-2
216,3903,M20V01523,FA-1,MASS01481,BA-5/BA-8SSP
217,3658,M20V00487,FA-1,MASS00758,BA-7
218,4956,M20V00692,FA-2,MASS00923,P/BA-2
219,4659,M20V00179,FA-1,MASS00351,BA-5/BA-7
220,3995,M20V01464,FA-2,MASS01453,BA-2/BA-4St
221,3019,M20V01558,FA-1,MASS00801,BA-7
222,3667,M20V01611,FA-1,MASS01536,BA-7
223,3932,M20V00782,FA-1,MASS00981,BA-5
224,4375,M20V00270,FA-1,MASS00544,BA-5
225,4254,M20V00502,FA-1,MASS00772,BA-5
226,3998,M20V00619,FA-1,MASS00869,BA-5
227,3305,M20V01903,FA-2,MASS01759,P/BA-1/BA-4
228,3724,M20V00741,FA-1,MASS00947,BA-5/BA-8SSW
229,3744,M20V00236,FA-1,MASS00510,BA-5
230,3706,M20V00720,FA-1,MASS00945,BA-5
231,3159,M20V01643,FA-2,MASS01559,BA-3Z/BA-4Panas
232,4008,M20V01130,FA-3,MASS01219,BA-3/BA-4Panas
233,3403,M20V01169,FA-2,MASS01119,P/BA-1/BA-4ABB
234,10887,M20V00144,FA-1,MASS00392,BA-5/BA-8EsSSW
235,4131,M20V00682,FA-1,MASS00914,BA-5
236,3227,M20V00359,FA-1,MASS00633,BA-5/BA-8Es
237,3209,M20V00528,FA-2,MASS00793,BA-1/BA-4ABB
238,4612,M20V00260,FA-2,MASS00537,BA-2
239,2869,M20V00761,FA-1,MASS00791,BA-5
240,3657,M20V01309,FA-2,MASS01348,BA-3Z
241,3860,M20V00370,FA-1,MASS00644,BA-5
242,4298,M20V00261,FA-2,MASS00538,BA-2
243,4078,M20V00247,FA-1,MASS00516,BA-5
244,3680,M20V00724,FA-1,MASS00948,BA-5
245,3446,M20V00926,FA-2,MASS01098,P/BA-1/BA-4ABB
246,3691,M20V00580,FA-1,MASS00830,BA-5
247,3737,M20V00763,FA-1,MASS00972,BA-5
248,3010,M20V00784,FA-1,MASS00982,BA-5
249,2813,M20V01516,FA-1,MASS00477,BA-7
250,2531,M20V01756,FA-2,MASS01643,P/BA-3/BA-4Z
251,3515,M20V01366,FA-1,MASS00929,BA-1/BA-8EsSSW
252,3188,M20V00660,FA-2,MASS00898,BA-2
253,3242,M20V01168,FA-2,MASS01118,P/BA-1/BA-4ABB
254,4396,M20V00685,FA-2,MASS00917,BA-2
255,3647,M20V00155,FA-1,MASS00402,BA-5/BA-8SW
256,15843,M20V00193,FA-1,MASS00437,BA-5
257,3547,M20V00351,FA-1,MASS00617,BA-5
258,4185,M20V00082,FA-1,MASS00332,BA-5/BA-7
259,8841,M20V00257,FA-1,MASS00533,BA-5
260,2617,M20V01945,FA-2,MASS01769,BA-3/BA-4Panas
261,2985,M20V01817,FA-2,MASS01687,BA-3/BA-4ABB
262,3098,M20V00340,FA-1,MASS00606,BA-5
263,3904,M20V01530,FA-1,MASS01460,BA-7
264,2567,M20V00507,FA-1,MASS00776,BA-5
265,1729,M20V00400,FA-1,MASS00668,BA-5
266,3863,M20V00912,FA-3,MASS01087,P/BA-1/BA-4CLOOS
267,3560,M20V00767,FA-1,MASS00973,BA-5
268,3529,M20V00904,FA-2,MASS01023,BA-1/BA-4CLOOS
269,3358,M20V00877,FA-1,MASS01059,BA-5/BA-8EsSSP
270,3348,M20V01650,FA-1,MASS01566,BA-7
271,3341,M20V00833,FA-2,MASS01022,BA-1/BA-4StABB
272,2815,M20V01489,FA-1,MASS00486,BA-5
273,2626,M20V01542,FA-1,MASS01491,BA-7/BA-8SSP
274,2215,M20V01341,FA-2,MASS01336,BA-1/BA-4ABB
275,2195,M20V01669,FA-1,MASS01303,BA-5
276,4086,M20V00648,FA-1,MASS00887,BA-5
277,2672,M20V01941,FA-2,MASS01787,BA-2
278,2528,M20V01755,FA-2,MASS01642,P/BA-3/BA-4Z
279,2757,M20V00636,FA-2,MASS00878,BA-1/BA-4ABB
280,2700,M20V00463,FA-1,MASS00733,BA-5
281,3595,M20V01071,FA-2,MASS01175,P/BA-3/BA-4Panas
282,2716,M20V01664,FA-1,MASS01573,BA-7
283,3478,M20V01501,FA-1,MASS01468,BA-7
284,2542,M20V01386,FA-2,MASS01395,P/BA-3
285,3354,M20V00743,FA-1,MASS00958,BA-5
286,3630,M20V00838,FA-1,MASS01025,BA-5
287,2945,M20V01624,FA-1,MASS01547,BA-7
288,2914,M20V00927,FA-2,MASS01099,P/BA-1/BA-4ABB
289,2909,M20V00930,FA-2,MASS01102,P/BA-1/BA-4ABB
290,2880,M20V00961,FA-2,MASS01101,P/BA-1/BA-4ABB
291,2608,M20V01944,FA-2,MASS01767,BA-3/BA-4Panas
292,2838,M20V00740,FA-1,MASS00957,BA-5
293,2628,M20V02307,FA-1,MASS02009,BA-7
294,1538,M20V01337,FA-1,MASS01363,BA-1/BA-4
295,2728,M20V01029,FA-2,MASS01124,BA-1/BA-4ABB
296,4261,M20V00479,FA-1,MASS00748,BA-5
297,3083,M20V01212,FA-2,MASS01278,P/BA-1/BA-4ZPanas
298,2824,M20V00811,FA-1,MASS01004,BA-5
299,3219,M20V00459,FA-1,MASS00228,BA-5/BA-7
300,3478,M20V01019,FA-2,MASS01085,BA-4St/P/BA-1
301,3052,M20V01211,FA-2,MASS01277,P/BA-1/BA-4ZPanas
302,2896,M20V01017,FA-2,MASS01127,BA-1/BA-4ABB
303,2814,M20V01365,FA-2,MASS01374,BA-1/BA-4CLOOS
304,2623,M20V02311,FA-1,MASS02012,BA-5/BA-8
305,2608,M20V01554,FA-1,MASS01503,BA-7
306,2578,M20V00305,FA-2,MASS00550,BA-1/BA-4CLOOS
307,2361,M20V00336,FA-2,MASS00602,BA-1/BA-4ZST
308,2330,M20V01097,FA-2,MASS01200,P/BA-3
309,2080,M20V00915,FA-2,MASS01092,P/BA-1/BA-4ABB
310,3430,M20V01499,FA-1,MASS01466,BA-5
311,4660,M20V01583,FA-1,MASS01519,BA-7
312,2868,M20V00609,FA-1,MASS00858,BA-5/BA-8Es
313,3007,M20V01514,FA-1,MASS01315,BA-7
314,3473,M20V00778,FA-1,MASS00980,BA-5
315,1993,M20V01860,FA-2,MASS01726,BA-3
316,2672,M20V00722,FA-1,MASS00497,BA-5
317,3039,M20V00677,FA-2,MASS00911,BA-1/BA-4St
318,2680,M20V01153,FA-2,MASS01235,BA-3/BA-4
319,2510,M20V00369,FA-1,MASS00643,BA-5
320,2132,M20V00360,FA-2,MASS00634,BA-1/BA-4ABB
321,2150,M20V01246,FA-2,MASS01308,P/BA-1/BA-4CLOOS
322,2797,M20V00683,FA-1,MASS00915,BA-5
323,2401,M20V01221,FA-2,MASS01288,P/BA-2
324,2540,M20V00659,FA-1,MASS00897,BA-5
325,3838,M20V00228,FA-1,MASS00493,BA-5/BA-8SSP
326,2772,M20V00402,FA-1,MASS00670,BA-5/BA-8Es
327,2087,M20V00067,FA-1,MASS00318,BA-5/BA-7
328,3263,M20V00719,FA-2,MASS00944,P/BA-2
329,3589,M20V00813,FA-1,MASS01006,BA-5/BA-8SSPSSW
330,3061,M20V00264,FA-2,MASS00541,BA-1/BA-4CLOOS
331,3056,M20V01452,FA-1,MASS01447,BA-7
332,2723,M20V01154,FA-2,MASS01236,BA-3/BA-4Panas
333,2701,M20V00929,FA-2,MASS01101,P/BA-1/BA-4ABB
334,2570,M20V00747,FA-1,MASS00963,BA-5
335,2398,M20V01066,FA-2,MASS01180,P/BA-3/BA-4Panas
336,2247,M20V01263,FA-2,MASS01285,P/BA-3
337,2443,M20V00302,FA-2,MASS00549,BA-1/BA-4CLOOS
338,3023,M20V00923,FA-2,MASS01089,P/BA-1/BA-4CLOOS
339,2152,M20V01893,FA-2,MASS01752,P/BA-1/BA-4
340,3480,M20V00062,FA-1,MASS00302,BA-5/BA-7
341,2013,M20V00357,FA-2,MASS00404,BA-1/BA-4St
342,2422,M20V00931,FA-2,MASS01098,P/BA-1/BA-4ABB
343,3175,M20V00922,FA-2,MASS01088,P/BA-1/BA-4CLOOS
344,1999,M20V01224,FA-2,MASS01291,BA-2
345,1820,M20V01288,FA-2,MASS01336,BA-1/BA-4ABB
346,1962,M20V01225,FA-2,MASS01292,BA-2
347,1681,M20V00397,FA-2,MASS00665,BA-2Z
348,2136,M20V00133,FA-1,MASS00384,BA-5/BA-8EsSSW
349,2249,M20V00384,FA-1,MASS00656,BA-5
350,2770,M20V00348,FA-1,MASS00614,BA-5
351,2977,M20V00943,FA-1,MASS01108,BA-5
352,2952,M20V00109,FA-1,MASS00360,BA-5/BA-8SSW
353,2536,M20V01577,FA-3,MASS01520,P/BA-1/BA-4Z
354,2891,M20V00312,FA-1,MASS00570,BA-5/BA-8SSP
355,2377,M20V00387,FA-1,MASS00659,BA-5
356,2957,M20V00371,FA-1,MASS00645,BA-5/BA-8SSPSSW
357,3015,M20V00848,FA-2,MASS01024,BA-4St/P/BA-1
358,2597,M20V00680,FA-1,MASS00912,BA-5/BA-8SSW
359,2404,M20V01578,FA-3,MASS01521,BA-1/BA-4Z
360,2547,M20V00240,FA-1,MASS00513,BA-5
361,2400,M20V01374,FA-3,MASS01370,P/BA-3/BA-4Z
362,2797,M20V00796,FA-1,MASS00901,BA-5/BA-8SSP
363,2739,M20V01023,FA-2,MASS01159,P/BA-1/BA-4St
364,2454,M20V02342,FA-1,MASS01007,BA-5
365,2364,M20V00097,FA-1,MASS00331,BA-5/BA-7
366,2362,M20V01375,FA-3,MASS01371,P/BA-3/BA-4Z
367,2332,M20V00597,FA-1,MASS00846,BA-5
368,2161,M20V00367,FA-2,MASS00641,BA-1/BA-4ABB
369,2067,M20V00164,FA-2,MASS00411,BA-2
370,2026,M20V01606,FA-1,MASS00864,BA-7
371,1902,M20V00089,FA-1,MASS00388,BA-5
372,1569,M20V00374,FA-2,MASS00221,BA-2
373,2071,M20V00333,FA-2,MASS00601,BA-1/BA-4ZST
374,2638,M20V01277,FA-2,MASS00254,BA-2Z
375,2039,M20V01461,FA-1,MASS01451,BA-7
376,3599,M20V00326,FA-1,MASS00590,BA-5
377,2276,M20V00978,FA-1,MASS01130,BA-5
378,1774,M20V00702,FA-2,MASS00890,BA-2
379,1951,M20V00840,FA-2,MASS01027,BA-4St/P/BA-1
380,3402,M20V00376,FA-1,MASS00648,BA-5
381,2187,M20V01714,FA-2,MASS01613,P/BA-2
382,2729,M20V00126,FA-1,MASS00380,BA-5/BA-8SSW
383,2665,M20V00714,FA-1,MASS00940,BA-5
384,1902,M20V01147,FA-1,MASS01242,BA-5/BA-8SSW
385,1341,M20V01784,FA-2,MASS01668,P/BA-3/BA-4Z
386,2672,M20V00044,FA-2,MASS00271,BA-2Z
387,2162,M20V00420,FA-1,MASS00402,BA-5/BA-8SW
388,1248,M20V01731,FA-2,MASS01626,P/BA-2
389,2033,M20V00941,FA-3,MASS01087,P/BA-1/BA-4CLOOS
390,2270,M20V00655,FA-1,MASS00893,BA-5
391,2415,M20V00090,FA-1,MASS00329,BA-5
392,1888,M20V01267,FA-3,MASS01323,P/BA-3
393,2140,M20V00495,FA-1,MASS00767,BA-7
394,2030,M20V00990,FA-1,MASS01009,BA-7
395,2002,M20V00889,FA-1,MASS01073,BA-5/BA-8EsSSP
396,2638,M20V00673,FA-1,MASS00907,BA-5
397,2327,M20V00504,FA-1,MASS00773,BA-5
398,2640,M20V00613,FA-2,MASS00853,P/BA-1/BA-4St
399,2069,M20V00895,FA-1,MASS01077,BA-5
400,2067,M20V01195,FA-3,MASS01266,P/BA-3
401,2040,M20V01539,FA-1,MASS01471,BA-5s
402,1830,M20V00842,FA-1,MASS01029,BA-5
403,1639,M20V01423,FA-2,MASS01384,BA-1/BA-4ZABB
404,1620,M20V00797,FA-1,MASS00994,BA-5
405,1384,M20V01325,FA-2,MASS01332,P/BA-3/BA-4Panas
406,2142,M20V00768,FA-1,MASS00974,BA-5
407,2030,M20V00335,FA-2,MASS00222,BA-2
408,2552,M20V01570,FA-2,MASS01339,P/BA-1
409,2211,M20V01515,FA-1,MASS00856,BA-7
410,4334,M20V00959,FA-1,MASS01113,BA-5
411,1731,M20VC1183,FC-1,MASSC1259,BC-1
412,1290,M20V01913,FA-2,MASS01765,BA-3/BA-4Panas
413,2095,M20V00003,FA-2,MASS00227,BA-2
414,2106,M20V01613,FA-1,MASS01538,BA-7
415,1519,M20V00974,FA-2,MASS01124,BA-1/BA-4ABB
416,1636,M20V00643,FA-1,MASS00883,BA-5/BA-8SSP
417,1216,M20V01783,FA-2,MASS01667,P/BA-3/BA-4Z
418,1094,M20V00769,FA-2,MASS00975,P/BA-2
419,1990,M20V00948,FA-2,MASS01110,BA-1/BA-4CLOOS
420,1490,M20V01593,FA-1,MASS00989,BA-5
421,2079,M20V01649,FA-1,MASS01010,BA-5/BA-8Es
422,1869,M20V00884,FA-1,MASS01026,BA-5/BA-8SSP
423,2288,M20V01068,FA-1,MASS01132,BA-5/BA-8SSP
424,2013,M20V00607,FA-1,MASS00856,BA-7
425,1481,M20V00123,FA-1,MASS00378,BA-5/BA-8SSP
426,1963,M20V01058,FA-2,MASS01175,P/BA-3/BA-4Panas
427,2003,M20V00503,FA-1,MASS00773,BA-5
428,2387,M20V00408,FA-1,MASS00677,BA-5
429,1616,M20V01012,FA-1,MASS01149,BA-5
430,2025,M20V00334,FA-2,MASS00221,BA-2
431,1637,M20V00828,FA-1,MASS01018,BA-5
432,2349,M20V01031,FA-2,MASS01124,BA-1/BA-4ABB
433,2128,M20V00001,FA-2,MASS00226,BA-2Z
434,2025,M20V00631,FA-1,MASS00876,BA-7/BA-8SSP
435,2022,M20V00872,FA-2,MASS00999,BA-4St/P/BA-1
436,2020,M20V00771,FA-2,MASS00976,BA-1/BA-4CLOOS
437,2003,M20V01537,FA-1,MASS00434,BA-7
438,1983,M20V00854,FA-2,MASS01039,BA-4St/P/BA-1
439,1962,M20V00944,FA-2,MASS01088,P/BA-1/BA-4CLOOS
440,1930,M20V01073,FA-2,MASS01181,BA-3/BA-4Panas
441,1847,M20V01727,FA-3,MASS01624,BA-3/BA-4Cloos
442,1520,M20V01085,FA-2,MASS01190,BA-4St/BA-3
443,1505,M20V01548,FA-1,MASS00758,BA-7
444,1486,M20V01670,FA-1,MASS01459,BA-5
445,1382,M20V00316,FA-2,MASS00576,P/BA-2/BA-4ABB
446,1352,M20V01226,FA-2,MASS01291,BA-2
447,1338,M20V01327,FA-2,MASS01356,P/BA-2
448,1781,M20V01120,FA-2,MASS01146,BA-1/BA-4ABB
449,1541,M20V00758,FA-2,MASS00967,P/BA-2
450,1280,M20V01806,FA-2,MASS01681,P/BA-3/BA-4ZPanas
451,1431,M20V00556,FA-2,MASS00780,BA-1/BA-4ABB
452,1653,M20V00382,FA-1,MASS00654,BA-5
453,2327,M20V00896,FA-1,MASS01078,BA-5/BA-8SSP
454,1974,M20V00880,FA-2,MASS01047,BA-4St/P/BA-1
455,1996,M20V00338,FA-2,MASS00604,BA-1/BA-4StABB
456,2490,M20V00685,FA-2,MASS00917,BA-2
457,1457,M20V01001,FA-2,MASS00998,BA-1/BA-4StABB
458,1581,M20V02316,FA-1,MASS01623,BA-5
459,1394,M20V00518,FA-2,MASS00785,BA-2
460,2347,M20V01218,FA-2,MASS01285,P/BA-3
461,1433,M20V01338,FA-2,MASS01364,P/BA-3
462,1709,M20V01267,FA-3,MASS01323,P/BA-3
463,2331,M20V00707,FA-2,MASS00935,P/BA-2
464,12260,M20V00582,FA-2,MASS00832,BA-2Z
465,2050,M20V00044,FA-2,MASS00271,BA-2Z
466,2133,M20V00041,FA-2,MASS00268,BA-2Z
467,1726,M20V00492,FA-1,MASS00764,BA-5
468,1728,M20V00792,FA-1,MASS00991,BA-5
469,3846,M20V01403,FA-2,MASS01384,BA-1/BA-4ZABB
470,1417,M20V01317,FA-2,MASS00268,BA-2Z
471,1291,M20V01521,FA-1,MASS01480,BA-7
472,2128,M20V00363,FA-1,MASS00637,BA-5/BA-8SSP
473,1407,M20V01400,FA-2,MASS01384,BA-1/BA-4ZABB
474,1570,M20V01287,FA-1,MASS01335,BA-5
475,1911,M20V01119,FA-2,MASS01124,BA-1/BA-4ABB
476,1918,M20V01314,FA-2,MASS01353,P/BA-3/BA-4Z
477,1157,M20V00812,FA-1,MASS01005,BA-5
478,1665,M20V01269,FA-1,MASS01325,BA-5
479,1312,M20V00825,FA-1,MASS01015,BA-5
480,1392,M20V00678,FA-2,MASS00634,BA-1/BA-4ABB
481,2805,M20V00140,FA-1,MASS00384,BA-5/BA-8EsSSW
482,2134,M20V01525,FA-1,MASS01483,BA-5
483,1912,M20V00361,FA-1,MASS00635,BA-5/BA-8SSP
484,1603,M20V00509,FA-1,MASS00778,BA-5
485,1939,M20V00085,FA-1,MASS00332,BA-5/BA-7
486,1875,M20V01707,FA-2,MASS01607,BA-1/BA-4ABB
487,1840,M20V00712,FA-1,MASS00939,BA-5
488,1822,M20V01059,FA-2,MASS01176,BA-4St/BA-1
489,1781,M20V01060,FA-2,MASS01177,BA-4St/BA-3
490,1734,M20V00855,FA-2,MASS01039,BA-4St/P/BA-1
491,1681,M20V01728,FA-3,MASS01625,BA-3/BA-4Cloos
492,1672,M20V01350,FA-2,MASS01374,BA-1/BA-4CLOOS
493,1672,M20V01620,FA-1,MASS00477,BA-7
494,1670,M20V01352,FA-2,MASS01336,BA-1/BA-4ABB
495,1663,M20V00254,FA-2,MASS00522,P/BA-2/BA-4ABB
496,1658,M20V01572,FA-1,MASS01513,BA-7
497,1637,M20V01127,FA-2,MASS01217,P/BA-3/BA-4Panas
498,1576,M20V01709,FA-2,MASS01609,P/BA-3/BA-4Z
499,1550,M20V01086,FA-2,MASS01191,BA-4St/BA-3
500,1537,M20V00439,FA-1,MASS00709,BA-5
501,1425,M20V01291,FA-2,MASS00257,BA-2Z
502,1293,M20V01326,FA-2,MASS01355,P/BA-2
503,1248,M20V01123,FA-1,MASS01215,BA-5/BA-8
504,1145,M20V02321,FA-1,MASS02024,BA-7/BA-8
505,1126,M20V01565,FA-1,MASS01509,BA-7
506,998,M20V00996,FA-1,MASS00906,BA-5
507,1310,M20V01010,FA-2,MASS01124,BA-1/BA-4ABB
508,2077,M20V00878,FA-1,MASS01060,BA-5
509,1985,M20V01503,FA-1,MASS01470,BA-7/BA-8Es
510,30483,M20V00794,FA-2,MASS00992,BA-2
511,1185,M20V00138,FA-1,MASS00380,BA-5/BA-8SSW
512,1450,M20V01281,FA-3,MASS01332,P/BA-3/BA-4Panas
513,2145,M20V01155,FA-2,MASS01237,BA-2
514,1049,M20V01034,FA-1,MASS01161,BA-1/BA-8EsSSW
515,1239,M20V01789,FA-3,MASS01640,P/BA-3/BA-4St
516,3354,M20V00493,FA-1,MASS00765,BA-5
517,1130,M20V00755,FA-2,MASS00968,BA-1/BA-4ABB
518,1256,M20V00885,FA-1,MASS01069,BA-1/BA-5/BA-8SSW
519,1147,M20V00038,FA-2,MASS00265,BA-2
520,1365,M20V01995,FA-2,MASS01802,BA-4ZSt/BA-3
521,1266,M20V00958,FA-1,MASS01116,BA-5
522,1556,M20V01105,FA-2,MASS01176,BA-4St/BA-1
523,1268,M20V00787,FA-1,MASS00983,BA-5
524,1167,M20V01549,FA-1,MASS01080,BA-5
525,1700,M20V00041,FA-2,MASS00268,BA-2Z
526,866,M20V00900,FA-1,MASS01082,BA-1/BA-4CLOOS
527,1808,M20V00065,FA-1,MASS00318,BA-5/BA-7
528,1657,M20V00028,FA-2,MASS00255,BA-2Z
529,1556,M20V01451,FA-1,MASS01449,BA-7
530,1917,M20V00245,FA-1,MASS00514,BA-5/BA-8Es
531,1217,M20V00831,FA-1,MASS01021,BA-5/BA-8Es
532,1495,M20V00970,FA-2,MASS01088,P/BA-1/BA-4CLOOS
533,1471,M20V00779,FA-2,MASS00978,P/BA-1/BA-4St
534,2026,M20V00721,FA-1,MASS00946,BA-5
535,1736,M20V00936,FA-1,MASS00869,BA-5
536,1414,M20V01948,FA-1,MASS01792,BA-7
537,1440,M20V00307,FA-2,MASS00428,P/BA-1/BA-4ABB
538,1022,M20V01700,FA-2,MASS01597,P/BA-2
539,1515,M20V01462,FA-1,MASS01449,BA-7
540,1160,M20V01507,FA-2,MASS01474,P/BA-2/BA-4ABB
541,2049,M20V00559,FA-1,MASS00819,BA-5
542,1754,M20V00465,FA-1,MASS00534,BA-5/BA-8SSPSSW
543,1593,M20V00418,FA-2,MASS00522,P/BA-2/BA-4ABB
544,1579,M20V00297,FA-1,MASS00561,BA-5/BA-8SSP
545,1559,M20V01710,FA-2,MASS01610,P/BA-3/BA-4Z
546,1516,M20V01391,FA-3,MASS01397,BA-3/BA-4Z
547,1513,M20V01512,FA-1,MASS01477,BA-7
548,1472,M20V00317,FA-2,MASS00427,P/BA-1/BA-4ABB
549,1447,M20V01622,FA-1,MASS00769,BA-7
550,1439,M20V00860,FA-1,MASS01044,BA-5/BA-8SSPSSW
551,1381,M20V00954,FA-1,MASS00981,BA-5
552,1381,M20V00818,FA-1,MASS01009,BA-7
553,1373,M20V00691,FA-2,MASS00641,BA-1/BA-4ABB
554,1333,M20V00383,FA-1,MASS00655,BA-5
555,1333,M20V00765,FA-1,MASS00964,BA-5/BA-8SSW
556,1323,M20V01623,FA-1,MASS01546,BA-7
557,1321,M20V00647,FA-1,MASS00886,BA-5/BA-8SSW
558,1319,M20V00947,FA-1,MASS01109,BA-5
559,1316,M20V01713,FA-2,MASS01612,P/BA-1/BA-4
560,1313,M20V01505,FA-1,MASS01471,BA-5s
561,1268,M20V00920,FA-1,MASS01095,BA-5
562,1254,M20V00985,FA-1,MASS01136,BA-5
563,1244,M20V01635,FA-1,MASS01496,BA-7/BA-8SSP
564,1244,M20V01579,FA-1,MASS01518,BA-7/BA-8SSP
565,1240,M20V00298,FA-2,MASS00562,P/BA-1/BA-4ABB
566,1204,M20V00820,FA-2,MASS01011,BA-1/BA-4ABB
567,1173,M20V00046,FA-2,MASS00268,BA-2Z
568,1158,M20V00802,FA-1,MASS00869,BA-5
569,1076,M20V00809,FA-1,MASS01045,BA-5/BA-8Es
570,1065,M20V02293,FA-1,MASS01258,BA-5/BA-8EsSSP
571,1060,M20V01492,FA-1,MASS01461,BA-7
572,1007,M20V01089,FA-2,MASS01192,BA-3/BA-4Panas
573,941,M20V01179,FA-3,MASS01256,BA-3/BA-4Z/BA-3/BA-4Cloos
574,883,M20V01854,FA-1,MASS01720,BA-7
575,1048,M20V01805,FA-2,MASS01680,P/BA-3
576,1102,M20V01795,FA-2,MASS01672,P/BA-1/BA-4
577,1046,M20V01794,FA-2,MASS01671,P/BA-1/BA-4
578,1333,M20V01712,FA-2,MASS01611,BA-1/BA-4St
579,1174,M20V00708,FA-2,MASS00936,BA-1/BA-4ABB
580,1311,M20V01757,FA-2,MASS01607,BA-1/BA-4ABB
581,1185,M20V00013,FA-2,MASS00245,BA-2Z
582,1222,M20V00047,FA-2,MASS00271,BA-2Z
583,1816,M20V01928,FA-2,MASS01778,P/BA-2/BA-4Panas
584,1261,M20V01365,FA-2,MASS01374,BA-1/BA-4CLOOS
585,1459,M20V00191,FA-1,MASS00436,BA-5
586,1379,M20V01829,FA-2,MASS01698,BA-2
587,996,M20V01659,FA-1,MASSC1570,BC-1
588,887,M20V01761,FA-2,MASS01646,BA-2
589,1889,M20V01797,FA-2,MASS01280,P/BA-3/BA-4St
590,1281,M20V01640,FA-2,MASS01557,BA-3/BA-4Cloos
591,798,M20V01821,FA-2,MASS01691,P/BA-1/BA-4
592,766,M20V01015,FA-2,MASS01152,BA-1/BA-4
593,1275,M20V00029,FA-2,MASS00256,BA-2Z
594,4510,M20V00255,FA-1,MASS00523,BA-5
595,968,M20V01220,FA-2,MASS01287,P/BA-2
596,1296,M20V01238,FA-2,MASS01301,BA-3/BA-4St
597,11969,M20V01005,FA-2,MASS00998,BA-1/BA-4StABB
598,1854,M20V01024,FA-1,MASS01160,BA-5
599,1325,M20V00337,FA-2,MASS00603,P/BA-1
600,737,M20V00389,FA-1,MASS00661,BA-1/BA-4ABB
601,802,M20V00539,FA-1,MASS00801,BA-7
602,709,M20V01584,FA-1,MASS01522,BA-7
603,1186,M20V00362,FA-1,MASS00636,BA-5
604,1734,M20V01156,FA-2,MASS01238,BA-2
605,749,M20V00819,FA-1,MASS01006,BA-5/BA-8SSPSSW
606,1453,M20V00485,FA-1,MASS00756,BA-5
607,1259,M20V00414,FA-1,MASS00685,BA-5
608,1473,M20V00589,FA-1,MASS00839,BA-5
609,999,M20V01455,FA-1,MASS00486,BA-5
610,946,M20V01090,FA-2,MASS01193,BA-3/BA-4Panas
611,990,M20V00365,FA-1,MASS00639,BA-5/BA-8SSP
612,1227,M20V01102,FA-2,MASS01204,BA-1/BA-7
613,1030,M20V00404,FA-1,MASS00659,BA-5
614,881,M20V01550,FA-1,MASS01499,BA-7
615,834,M20V00908,FA-1,MASS00856,BA-7
616,776,M20V00817,FA-1,MASS01010,BA-5/BA-8Es
617,872,M20V00879,FA-1,MASS01016,BA-5/BA-8SSW/BA-4Z
618,1631,M20V00385,FA-1,MASS00657,BA-5
619,1623,M20V01293,FA-2,MASS00268,BA-2Z
620,1489,M20V01496,FA-1,MASS01448,BA-5
621,1453,M20V00576,FA-1,MASS00826,BA-5
622,1399,M20V01560,FA-1,MASS00767,BA-7
623,1390,M20V00301,FA-2,MASS00566,P/BA-1/BA-4ABB
624,1262,M20V01750,FA-3,MASS01637,P/BA-3/BA-4Panas
625,1235,M20V01039,FA-1,MASS01165,BA-5
626,1164,M20V00162,FA-2,MASS00409,BA-2
627,1151,M20V01178,FA-2,MASS01181,BA-3/BA-4Panas
628,1140,M20V00114,FA-2,MASS00364,BA-2
629,1114,M20V01013,FA-1,MASS01150,BA-5
630,1096,M20V00548,FA-2,MASS00779,BA-1/BA-4ABB
631,1090,M20V01833,FA-2,MASS01702,BA-3/BA-4St
632,1087,M20V00473,FA-1,MASS00742,BA-5
633,1061,M20V00462,FA-1,MASS00732,BA-5
634,1059,M20V00821,FA-1,MASS01012,BA-5
635,1018,M20V01734,FA-2,MASS01607,BA-1/BA-4ABB
636,996,M20V01545,FA-1,MASS01496,BA-7/BA-8SSP
637,964,M20V00865,FA-2,MASS01047,BA-4St/P/BA-1
638,958,M20V01323,FA-2,MASS01348,BA-3Z
639,943,M20V01181,FA-1,MASS01132,BA-5/BA-8SSP
640,933,M20V01268,FA-1,MASS01324,BA-5
641,924,M20V01196,FA-2,MASS01175,P/BA-3/BA-4Panas
642,923,M20V01315,FA-2,MASS00268,BA-2Z
643,922,M20V00034,FA-2,MASS00261,BA-2
644,917,M20V01543,FA-1,MASS01492,BA-5
645,902,M20V00980,FA-1,MASS01132,BA-5/BA-8SSP
646,858,M20V00899,FA-1,MASS00787,BA-5
647,854,M20V01918,FA-1,MASS01768,BA-7
648,840,M20V01568,FA-1,MASS01511,BA-5/BA-8SSP
649,835,M20V01399,FA-2,MASS01384,BA-1/BA-4ZABB
650,835,M20V00392,FA-2,MASS00601,BA-1/BA-4ZST
651,825,M20V00466,FA-1,MASS00736,BA-5/BA-8Es
652,817,M20V01171,FA-1,MASS01150,BA-5
653,815,M20V01532,FA-1,MASS01487,BA-5
654,776,M20V01725,FA-3,MASS01604,P/BA-3
655,738,M20V01564,FA-1,MASS01067,BA-5
656,697,M20V01864,FA-3,MASS01726,BA-3
657,689,M20V01205,FA-1,MASS01272,BA-5
658,683,M20V02141,FA-2,MASS01374,BA-1/BA-4CLOOS
659,578,M20V01358,FA-1,MASS01378,BA-5
660,1004,M20V00662,FA-2,MASS00900,P/BA-2
661,691,M20V00124,FA-1,MASS00378,BA-5/BA-8SSP
662,888,M20V00934,FA-1,MASS00913,BA-5
663,1714,M20V00694,FA-2,MASS00925,BA-2
664,870,M20V00403,FA-1,MASS00671,BA-5/BA-8Es
665,1264,M20V00640,FA-3,MASS00880,P/BA-2
666,869,M20V00723,FA-1,MASS00947,BA-5/BA-8SSW
667,1067,M20V00314,FA-1,MASS00460,BA-5/BA-8SSP
668,1318,M20V01563,FA-1,MASS01508,BA-7
669,941,M20V01766,FA-2,MASS01653,P/BA-3/BA-4Z
670,913,M20V01191,FA-3,MASS01256,BA-3/BA-4Z/BA-3/BA-4Cloos
671,643,M20V01737,FA-2,MASS01628,BA-3/BA-4Panas
672,971,M20V00843,FA-1,MASS01030,BA-5/BA-8EsSSPSSW
673,872,M20V01140,FA-2,MASS01226,P/BA-1/BA-4
674,1286,M20V00200,FA-1,MASS00444,BA-5
675,1150,M20V00900,FA-1,MASS01082,BA-1/BA-4CLOOS
676,653,M20V01306,FA-2,MASS01336,BA-1/BA-4ABB
677,977,M20V01994,FA-2,MASS01801,BA-4ZSt/BA-3
678,1111,M20V01491,FA-1,MASS00864,BA-7
679,894,M20V00991,FA-2,MASS01127,BA-1/BA-4ABB
680,1017,M20V00751,FA-2,MASS00965,BA-1/BA-4Z
681,601,M20V00715,FA-2,MASS00923,P/BA-2
682,1085,M20V00377,FA-1,MASS00649,BA-5
683,750,M20V01192,FA-3,MASS01257,BA-3/BA-4Z/BA-3/BA-4Cloos
684,638,M20V01236,FA-3,MASS01299,BA-3/BA-4Panas
685,1240,M20V00651,FA-2,MASS00890,BA-2
686,810,M20V00508,FA-1,MASS00777,BA-5
687,841,M20V01868,FA-1,MASS01729,BA-7/BA-8SSW/BA-4Z
688,1408,M20V01588,FA-3,MASS01520,P/BA-1/BA-4Z
689,1055,M20V00937,FA-1,MASS01105,BA-5
690,979,M20V00727,FA-3,MASS00950,P/BA-1/BA-4CLOOS
691,1083,M20V00968,FA-1,MASS01120,BA-5/BA-8Es
692,995,M20V01386,FA-2,MASS01395,P/BA-3
693,1339,M20V01698,FA-3,MASS01602,BA-2
694,3411,M20V00235,FA-1,MASS00509,BA-5/BA-8SSWx2
695,1060,M20V00062,FA-1,MASS00302,BA-5/BA-7
696,1078,M20V00208,FA-1,MASS00470,BA-5
697,1197,M20V01832,FA-2,MASS01701,BA-3/BA-4St
698,902,M20V01551,FA-1,MASS01500,BA-7
699,907,M20V00611,FA-1,MASS00859,BA-5
700,1050,M20V01925,FA-2,MASS01777,P/BA-3/BA-4St
701,836,M20V01573,FA-1,MASS01514,BA-7/BA-8SSP
702,638,M20V00653,FA-1,MASS00892,BA-5/BA-8SSP
703,1033,M20V01135,FA-1,MASS00860,BA-5
704,804,M20V00453,FA-1,MASS00723,BA-5
705,1267,M20V01533,FA-1,MASS01315,BA-7
706,1122,M20V01540,FA-1,MASS01489,BA-7
707,989,M20V00760,FA-2,MASS00971,BA-1/BA-4Z
708,935,M20V00381,FA-1,MASS00653,BA-5
709,918,M20V00725,FA-1,MASS00949,BA-5/BA-8SSW
710,586,M20V01258,FA-1,MASS01216,BA-5
711,15828,-,-,brak,brak
712,1334,M20V01079,FA-2,MASS01183,BA-2
713,1240,M20V00441,FA-1,MASS00711,BA-5/BA-8Es
714,1225,M20V01522,FA-2,MASS00253,BA-2
715,1209,M20V00011,FA-2,MASS00243,BA-2Z
716,1194,M20V01874,FA-2,MASS01736,P/BA-3
717,1191,M20V00480,FA-1,MASS00749,BA-5
718,1167,M20V01706,FA-2,MASS01606,P/BA-1
719,1150,M20V01855,FA-1,MASS01721,BA-5
720,1132,M20V00157,FA-1,MASS00228,BA-5/BA-7
721,1048,M20V00864,FA-1,MASS01002,BA-5
722,1046,M20V00685,FA-2,MASS00917,BA-2
723,1044,M20V01720,FA-1,MASS01619,BA-5
724,1040,M20V01182,FA-1,MASS01258,BA-5/BA-8EsSSP
725,1029,M20V01145,FA-1,MASS01228,BA-5
726,1027,M20V01209,FA-1,MASS01276,BA-5/BA-8EsSSP
727,1012,M20V00588,FA-1,MASS00838,BA-5/BA-8SSP
728,996,M20V01580,FA-1,MASS00714,BA-7
729,958,M20V00981,FA-1,MASS01133,BA-5
730,944,M20V01429,FA-2,MASS01426,BA-1/BA-4ABB
731,940,M20V00040,FA-2,MASS00267,BA-2
732,939,M20V01520,FA-1,MASS01479,BA-5
733,937,M20V00983,FA-1,MASS01135,BA-5
734,937,M20V01009,FA-1,MASS00869,BA-5
735,933,M20V01043,FA-1,MASS01168,BA-5
736,933,M20V01428,FA-2,MASS01425,BA-1/BA-4ABB
737,914,M20V01299,FA-1,MASS01103,BA-7
738,885,M20V01175,FA-2,MASS01118,P/BA-1/BA-4ABB
739,885,M20V00379,FA-1,MASS00651,BA-5/BA-8SSP
740,879,M20V01305,FA-2,MASS01336,BA-1/BA-4ABB
741,876,M20V01274,FA-1,MASS01330,BA-5
742,874,M20V01790,FA-3,MASS01673,P/BA-3/BA-4ZPanas
743,867,M20V01769,FA-3,MASS01638,P/BA-3
744,865,M20V00627,FA-1,MASS00764,BA-5
745,853,M20V01586,FA-1,MASS01523,BA-7
746,844,M20V01370,FA-1,MASS01132,BA-5/BA-8SSP
747,829,M20V01502,FA-1,MASS01469,BA-7
748,782,M20V00458,FA-1,MASS00728,BA-5
749,780,M20V00537,FA-1,MASS00797,BA-5
750,776,M20V00042,FA-2,MASS00269,BA-1/BA-4Z
751,756,M20V00494,FA-1,MASS00766,BA-5
752,747,M20V00450,FA-1,MASS00720,BA-5
753,742,M20V00686,FA-1,MASS00918,BA-2Z
754,736,M20V00417,FA-1,MASS00689,BA-5
755,735,M20V00481,FA-1,MASS00751,BA-5/BA-8Es
756,725,M20V01150,FA-2,MASS01232,P/BA-1/BA-4CLOOS
757,721,M20V00875,FA-1,MASS01284,BA-5
758,707,M20V00679,FA-1,MASS00912,BA-5/BA-8SSW
759,694,M20V01038,FA-2,MASS01085,BA-4St/P/BA-1
760,687,M20V01190,FA-1,MASS01263,BA-5
761,679,M20V01233,FA-1,MASS01296,BA-5
762,662,M20V01742,FA-3,MASS01632,P/BA-3/BA-4Z
763,656,M20V01696,FA-1,MASS00337,BA-5/BA-7
764,637,M20V00050,FA-2,MASS00283,BA-2Z
765,625,M20V00593,FA-1,MASS00819,BA-5
766,617,M20V01072,FA-1,MASS00772,BA-5
767,611,M20V00143,FA-1,MASS00391,BA-5
768,603,M20V01667,FA-1,MASS01491,BA-7/BA-8SSP
769,550,M20V00526,FA-1,MASS00534,BA-5/BA-8SSPSSW
770,547,M20V00003,FA-2,MASS00227,BA-2
771,544,M20V01117,FA-1,MASS01211,BA-5
772,544,M20V00141,FA-1,MASS00384,BA-5/BA-8EsSSW
773,712,M20V00043,FA-2,MASS00270,BA-1/BA-4Z
774,478,M20V01198,FA-1,MASS01268,BA-2
775,537,M20V01128,FA-1,MASS00424,BA-1/BA-8EsSSW
776,662,M20V01684,FA-2,MASS01584,P/BA-3
777,659,M20V01685,FA-2,MASS01585,P/BA-3
778,565,M20V00115,FA-2,MASS01194,BA-1/BA-8EsSSW/BA-4ABB
779,1184,M20V00643,FA-1,MASS00883,BA-5/BA-8SSP
780,607,M20V01510,FA-2,MASS01372,BA-2
781,1614,M20V01777,FA-3,MASS01664,P/BA-3
782,1122,M20V00157,FA-1,MASS00228,BA-5/BA-7
783,381,M20V00916,FA-1,MASS00888,BA-5/BA-8SSP
784,772,M20V01923,FA-2,MASS01771,BA-4/BA-3
785,734,M20V01394,FA-2,MASS01400,BA-2
786,698,M20V01922,FA-2,MASS01770,BA-4/BA-3
787,596,M20V00938,FA-2,MASS01024,BA-4St/P/BA-1
788,1356,M20V00030,FA-2,MASS00257,BA-2Z
789,1071,M20V00024,FA-2,MASS00254,BA-2Z
790,23727,M20V01387,FA-1,MASS00957,BA-5
791,911,M20V00900,FA-1,MASS01082,BA-1/BA-4CLOOS
792,824,M20V00554,FA-1,MASS00815,BA-5
793,823,M20V00488,FA-1,MASS00759,BA-5
794,413,M20V01692,FA-2,MASS01597,P/BA-2
795,963,M20V00010,FA-2,MASS00238,BA-1/BA-4Panas
796,924,M20V00006,FA-2,MASS00222,BA-2
797,924,M20V00005,FA-2,MASS00221,BA-2
798,718,M20V01298,FA-3,MASS01323,P/BA-3
799,899,M20V01714,FA-2,MASS01613,P/BA-2
800,768,M20V00914,FA-2,MASS01092,P/BA-1/BA-4ABB
801,687,M20V01611,FA-1,MASS01536,BA-7
802,902,M20V00542,FA-2,MASS00805,P/BA-1/BA-4Z
803,1604,M20V00002,FA-2,MASS00225,BA-2
804,874,M20V00638,FA-2,MASS00879,BA-1/BA-4ABB
805,622,M20V01559,FA-1,MASS01506,BA-7
806,611,M20V01676,FA-1,MASS01471,BA-5s
807,768,M20V00781,FA-2,MASS00977,BA-1/BA-4CLOOS
808,869,M20V01626,FA-1,MASS01551,BA-7/BA-8SSP
809,748,M20V00969,FA-1,MASS01121,BA-5
810,1239,M20V01393,FA-1,MASS01399,BA-5
811,1177,-,-,brak,brak
812,1073,M20V01042,FA-2,MASS01167,P/BA-1
813,939,M20V01367,FA-2,MASS01386,P/BA-1
814,900,M20V00468,FA-1,MASS00738,BA-5
815,890,M20V01788,FA-3,MASS01669,P/BA-3/BA-4ZPanas
816,885,M20V01379,FA-2,MASS01394,BA-3/BA-4
817,852,M20V00699,FA-1,MASS00928,BA-5/BA-8SSW
818,834,M20V00327,FA-2,MASS00522,P/BA-2/BA-4ABB
819,821,M20V01770,FA-3,MASS01639,P/BA-3
820,818,M20V01067,FA-1,MASS01060,BA-5
821,811,M20V00145,FA-1,MASS00393,BA-5/BA-8SSW
822,806,M20V00762,FA-1,MASS00901,BA-5/BA-8SSP
823,802,M20V01177,FA-1,MASS01255,BA-5
824,777,M20V01767,FA-2,MASS01654,P/BA-3/BA-4Z
825,741,M20V01749,FA-3,MASS01636,P/BA-3/BA-4Panas
826,738,M20V01232,FA-1,MASS01295,BA-5
827,734,M20V01158,FA-1,MASS01239,BA-2/BA-5/BA-8SSW
828,729,M20V00291,FA-2,MASS00541,BA-1/BA-4CLOOS
829,725,M20V01850,FA-1,MASS01716,BA-3/BA-4Z
830,710,M20V00364,FA-1,MASS00638,BA-5
831,710,M20V00048,FA-2,MASS00281,BA-1/BA-4
832,695,M20V01346,FA-3,MASS01370,P/BA-3/BA-4Z
833,689,M20V00534,FA-1,MASS00794,BA-5
834,675,M20V01673,FA-1,MASS01577,BA-7
835,674,M20V01371,FA-2,MASS01388,BA-1/BA-4Z
836,660,M20V00292,FA-2,MASS00542,BA-1/BA-4CLOOS
837,649,M20V00987,FA-1,MASS01138,BA-5/BA-8SSP
838,646,M20V01064,FA-1,MASS00759,BA-5
839,635,M20V00690,FA-1,MASS00922,BA-5/BA-8SSW
840,634,M20V00049,FA-2,MASS00282,BA-2Z
841,625,M20V00271,FA-2,MASS00494,BA-1/BA-4ABB
842,625,M20V01372,FA-2,MASS01389,BA-1/BA-4Z
843,622,M20V00826,FA-1,MASS01016,BA-5/BA-8SSW/BA-4Z
844,622,M20V00313,FA-2,MASS00522,P/BA-2/BA-4ABB
845,616,M20V00960,FA-1,MASS01117,BA-5/BA-8Es
846,610,M20V01204,FA-2,MASS01271,P/BA-3
847,605,M20V00406,FA-1,MASS00675,BA-5
848,589,M20V00575,FA-1,MASS00825,BA-5/BA-8Es
849,574,M20V00764,FA-1,MASS00837,BA-5/BA-8SSP
850,569,M20V01146,FA-1,MASS01225,BA-5
851,568,M20V01141,FA-1,MASS01138,BA-5/BA-8SSP
852,563,M20V00269,FA-2,MASS00543,P/BA-1/BA-4ABB
853,557,M20V01124,FA-1,MASS01216,BA-5
854,551,M20V01248,FA-2,MASS00282,BA-2Z
855,551,M20V00749,FA-1,MASS00964,BA-5/BA-8SSW
856,549,M20V01216,FA-1,MASS01282,BA-5
857,535,M20V00693,FA-1,MASS00924,BA-5/BA-8SSW
858,532,M20V01802,FA-3,MASS01641,BA-3
859,531,M20V00664,FA-2,MASS00900,P/BA-2
860,524,M20V01637,FA-2,MASS01556,P/BA-1/BA-4ZABB
861,522,M20V01426,FA-1,MASS01418,BA-7
862,522,M20V00350,FA-2,MASS00616,BA-1/BA-4ABB
863,518,M20V00735,FA-2,MASS00953,BA-1/BA-4Z
864,515,M20V01602,FA-1,MASS00818,BA-7
865,515,M20V01157,FA-1,MASS01229,BA-5/BA-8EsSSP
866,511,M20V00111,FA-1,MASS00360,BA-5/BA-8SSW
867,507,M20V00412,FA-1,MASS00682,BA-5/BA-8Es
868,501,M20V01369,FA-1,MASS00945,BA-5
869,496,M20V01636,FA-2,MASS01555,P/BA-1/BA-4ZABB
870,484,M20V00595,FA-1,MASS00844,BA-5/BA-8EsSSW
871,478,M20V01189,FA-1,MASS01262,BA-5
872,475,M20V01319,FA-2,MASS01348,BA-3Z
873,475,M20V00281,FA-2,MASS00541,BA-1/BA-4CLOOS
874,458,M20V01625,FA-1,MASS01550,BA-7
875,454,M20V01681,FA-2,MASS01582,P/BA-3
876,383,M20V01686,FA-1,MASS01491,BA-7/BA-8SSP
877,371,M20V02083,FA-1,MASS01026,BA-5/BA-8SSP
878,362,M20V00684,FA-2,MASS00916,P/BA-2
879,327,M20V01517,FA-1,MASS01250,BA-7
880,438,M20V00262,FA-2,MASS00539,BA-2
881,516,M20V00499,FA-1,MASS00771,BA-5
882,832,M20V01743,FA-3,MASS01633,P/BA-3/BA-4Z
883,921,M20V00443,FA-1,MASS00713,BA-5
884,464,M20V01245,FA-1,MASS01307,(BA-1/BA-5/BA-8)
885,546,M20V01604,FA-2,MASS01531,BA-3/BA-4Panas
886,555,M20V01569,FA-1,MASS01512,BA-7
887,833,M20V00536,FA-1,MASS00796,BA-5
888,802,M20V00153,FA-1,MASS00400,BA-5/BA-8SSP
889,921,M20V00880,FA-2,MASS01047,BA-4St/P/BA-1
890,786,M20V00882,FA-2,MASS01039,BA-4St/P/BA-1
891,465,M20V01682,FA-2,MASS01583,P/BA-3
892,900,M20V00753,FA-2,MASS00967,P/BA-2
893,592,M20V00622,FA-1,MASS00413,BA-5/BA-8SSP
894,1266,M20V01607,FA-1,MASS01532,BA-7
895,476,M20V00095,FA-1,MASS00346,BA-1/BA-5/BA-4cloos
896,584,M20V02100,FA-2,MASS01872,BA-2
897,510,M20V02212,FA-2,MASS01939,BA-3/BA-4
898,459,M20V01801,FA-2,MASS01677,P/BA-3Z/BA-4Z
899,416,M20V01800,FA-2,MASS01676,P/BA-3Z/BA-4Z
900,391,M20V02218,FA-3,MASS01942,BA-2
901,386,M20V01820,FA-2,MASS01692,P/BA-3Z/BA-4Z
902,350,M20V01792,FA-2,MASS01644,P/BA-1/BA-4
903,235,M20V01242,FA-3,MASS01304,BA-1/BA-4
904,554,M20V01322,FA-1,MASS01337,BA-5
905,202,M20V01222,FA-3,MASS01289,BA-3/BA-4Panas
906,610,M20V01281,FA-3,MASS01332,P/BA-3/BA-4Panas
907,439,M20V01745,FA-2,MASS01634,P/BA-3/BA-4ZCLOOS
908,743,M20V00024,FA-2,MASS00254,BA-2Z
909,798,M20V01279,FA-2,MASS01178,BA-2Z
910,332,M20V00713,FA-1,MASS00910,BA-5/BA-8SSP
911,447,M20V01144,FA-1,MASS01227,BA-2
912,729,M20V00023,FA-2,MASS00253,BA-2
913,740,M20V00005,FA-2,MASS00221,BA-2
914,727,M20V01218,FA-2,MASS01285,P/BA-3
915,536,M20V01098,FA-1,MASS01201,BA-5
916,2906,M20V00130,FA-1,MASS00383,BA-5
917,521,M20V01812,FA-1,MASS01686,BA-5
918,516,M20V00135,FA-1,MASS00321,BA-5
919,262,M20V00455,FA-1,MASS00725,BA-5
920,435,M20V01254,FA-1,MASS01312,BA-5/BA-8Es
921,423,M20V00919,FA-1,MASS01094,BA-5/BA-8SSPSSW/BA-4St
922,302,M20V01456,FA-1,MASS01447,BA-7
923,345,M20V01213,FA-2,MASS01279,P/BA-3
924,439,M20V01531,FA-1,MASS00882,BA-5/BA-8Es
925,453,M20V00658,FA-1,MASS00896,BA-5/BA-8SSP
926,392,M20V01815,FA-1,MASS01132,BA-5/BA-8SSP
927,375,M20V01615,FA-1,MASS01539,BA-7
928,394,M20V01546,FA-1,MASS01497,BA-7
929,492,M20V01445,FA-3,MASS01445,P/BA-1/BA-4ABB
930,510,M20V01172,FA-1,MASS01250,BA-7
931,502,M20V01596,FA-1,MASS01527,BA-7
932,654,M20V00654,FA-1,MASS00876,BA-7/BA-8SSP
933,482,M20V01340,FA-1,MASS01366,BA-5/BA-8SSW
934,584,M20V00107,FA-1,MASS00342,BA-5
935,353,M20V00759,FA-2,MASS00969,BA-2Z
936,639,M20V01101,FA-1,MASS00424,BA-1/BA-8EsSSW
937,561,M20V00413,FA-1,MASS00683,BA-5
938,537,M20V01275,FA-2,MASS01285,P/BA-3
939,460,M20V00319,FA-2,MASS00428,P/BA-1/BA-4ABB
940,416,M20V01839,FA-1,MASS00883,BA-5/BA-8SSP
941,256,M20V01290,FA-1,MASS01296,BA-5
942,3165,M20V01557,FA-1,MASS00767,BA-7
943,1183,M20V00615,FA-1,MASS00862,BA-5
944,1084,M20V00787,FA-1,MASS00983,BA-5
945,847,M20V00266,FA-2,MASS00419,BA-1/BA-4CLOOS
946,675,M20V00214,FA-2,MASS00476,P/BA-2
947,672,M20V00913,FA-1,MASS01091,BA-5
948,665,M20V00445,FA-1,MASS00715,BA-5
949,634,M20V00587,FA-1,MASS00837,BA-5/BA-8SSP
950,614,M20V00538,FA-1,MASS00798,BA-5
951,600,-,-,brak,brak
952,595,M20V01256,FA-2,MASS01305,BA-2Z
953,581,M20V01591,FA-1,MASS01525,BA-7
954,572,M20V00573,FA-1,MASS00806,BA-5
955,569,M20V01544,FA-1,MASS01493,BA-5/BA-8Es
956,568,M20V00373,FA-1,MASS00647,BA-5
957,556,M20V00513,FA-1,MASS00781,BA-5
958,556,M20V00599,FA-1,MASS00848,BA-5/BA-8SSW
959,553,M20V00423,FA-1,MASS00693,BA-5
960,551,M20V01257,FA-2,MASS01306,BA-2Z
961,550,M20V00142,FA-1,MASS00390,BA-5
962,549,M20V00786,FA-2,MASS00953,BA-1/BA-4Z
963,548,M20V01282,FA-1,MASS01333,BA-5
964,543,M20V00585,FA-1,MASS00835,BA-5
965,541,M20V01284,FA-1,MASS01334,BA-5
966,539,M20V00625,FA-1,MASS00765,BA-5
967,538,M20V01753,FA-3,MASS01638,P/BA-3
968,537,M20V00024,FA-2,MASS00254,BA-2Z
969,533,M20V01634,FA-1,MASS00767,BA-7
970,531,M20V01678,FA-1,MASS01580,BA-5
971,527,M20V00497,FA-1,MASS00769,BA-7
972,524,M20V01255,FA-1,MASS01314,BA-5
973,523,M20V01616,FA-1,MASS01540,BA-5/BA-8Es
974,523,M20V00998,FA-1,MASS01144,BA-5
975,522,M20V01433,FA-2,MASS01429,BA-3/BA-4Z
976,515,M20V01033,FA-1,MASS00435,BA-5
977,513,M20V01332,FA-1,MASS00734,BA-5
978,506,M20V00876,FA-2,MASS01008,BA-4St/P/BA-1
979,506,M20V00146,FA-1,MASS00321,BA-5
980,505,M20V01838,FA-2,MASS01684,BA-3/BA-4Z
981,503,M20V01188,FA-1,MASS01261,BA-5
982,501,M20V01185,FA-1,MASS01260,BA-5
983,500,M20V00785,FA-2,MASS00969,BA-2Z
984,500,M20V01296,FA-2,MASS01339,P/BA-1
985,496,M20V01165,FA-2,MASS01192,BA-3/BA-4Panas
986,496,M20V00372,FA-1,MASS00646,BA-5/BA-8Es
987,493,M20V01210,FA-1,MASS00839,BA-5
988,491,M20V01526,FA-1,MASS01015,BA-5
989,488,M20V00892,FA-1,MASS00884,BA-5
990,488,M20V01360,FA-1,MASS01380,BA-5
991,487,M20V00521,FA-1,MASS00788,BA-5
992,485,M20V01896,FA-2,MASS01753,P/BA-3
993,482,M20V00894,FA-1,MASS01076,BA-5/BA-8SSP
994,482,M20V00635,FA-2,MASS00849,P/BA-1/BA-4ABB
995,480,M20V00752,FA-1,MASS00966,BA-5
996,480,M20V00881,FA-1,MASS01067,BA-5
997,474,M20V00380,FA-2,MASS00652,P/BA-1/BA-4ABB
998,473,M20V00584,FA-1,MASS00834,BA-5
999,473,M20V00555,FA-1,MASS00817,BA-5/BA-8EsSSW
1000,472,M20V01235,FA-1,MASS01298,BA-5
1001,466,M20V01259,FA-1,MASS01315,BA-7
1002,464,M20V01432,FA-2,MASS01428,BA-3/BA-4Z
1003,462,M20V00472,FA-1,MASS00741,BA-5/BA-8SSW
1004,459,M20V01137,FA-2,MASS01224,P/BA-3/BA-4St
1005,451,M20V01427,FA-1,MASS00764,BA-5
1006,449,M20V01250,FA-2,MASS01310,P/BA-3/BA-4St
1007,447,M20V01302,FA-2,MASS01343,BA-1/BA-4ABB
1008,447,M20V01184,FA-2,MASS01175,P/BA-3/BA-4Panas
1009,440,M20V01721,FA-2,MASS01620,P/BA-3
1010,439,M20V01658,FA-1,MASS01491,BA-7/BA-8SSP
1011,438,M20V01894,FA-1,MASS01497,BA-7
1012,437,M20V01430,FA-1,MASS00764,BA-5
1013,435,M20V00322,FA-2,MASS00427,P/BA-1/BA-4ABB
1014,435,M20V01715,FA-2,MASS01614,P/BA-2
1015,432,M20V01355,FA-2,MASS01364,P/BA-3
1016,431,M20V01357,FA-1,MASS01227,BA-2
1017,429,M20V01598,FA-1,MASS01528,BA-7
1018,423,M20V00646,FA-1,MASS00866,BA-5/BA-8SSP
1019,421,M20V01014,FA-1,MASS01151,BA-5
1020,421,M20V01270,FA-1,MASS01326,BA-5
1021,421,M20V00546,FA-1,MASS00794,BA-5
1022,416,M20V00152,FA-1,MASS00399,BA-5
1023,413,M20V01644,FA-1,MASS01560,BA-7
1024,412,M20V01113,FA-1,MASS01210,BA-1/BA-5
1025,411,M20V00401,FA-2,MASS00669,P/BA-1/BA-4ABB
1026,408,M20V01151,FA-1,MASS01233,BA-5
1027,403,M20V00209,FA-1,MASS00471,BA-5
1028,397,M20V01251,FA-1,MASS01311,BA-5
1029,396,M20V00505,FA-1,MASS00774,BA-5
1030,395,M20V01215,FA-2,MASS01281,P/BA-2
1031,395,M20V00268,FA-2,MASS00543,P/BA-1/BA-4ABB
1032,384,M20V00949,FA-1,MASS00859,BA-5
1033,383,M20V01882,FA-2,MASS00226,BA-2Z
1034,379,M20V00205,FA-1,MASS00469,BA-5
1035,378,M20V00491,FA-1,MASS00763,BA-7
1036,374,M20V00790,FA-1,MASS00990,BA-5/BA-8SSP
1037,372,M20V01876,FA-2,MASS01738,P/BA-3Z
1038,371,M20V00426,FA-2,MASS00407,P/BA-1/BA-4ABB
1039,369,M20V01206,FA-1,MASS01273,BA-5/BA-8Es
1040,369,M20V00427,FA-2,MASS00406,P/BA-1/BA-4ABB
1041,368,M20V00689,FA-1,MASS00921,BA-5/BA-8SSW
1042,364,M20V01361,FA-1,MASS01381,BA-5
1043,361,M20V00108,FA-1,MASS00359,BA-5/BA-8SSW
1044,356,M20V01926,FA-2,MASS01653,P/BA-3/BA-4Z
1045,355,M20V00273,FA-2,MASS00545,BA-1/BA-4ABBCLOOS
1046,348,M20V01252,FA-2,MASS01277,P/BA-1/BA-4ZPanas
1047,347,M20V00368,FA-2,MASS00642,P/BA-2
1048,347,M20V01845,FA-2,MASS01713,P/BA-3
1049,347,M20V00681,FA-1,MASS00913,BA-5
1050,346,M20V01377,FA-3,MASS01392,P/BA-1/BA-4Z
1051,342,M20V00318,FA-2,MASS00543,P/BA-1/BA-4ABB
1052,341,M20V00963,FA-1,MASS01111,BA-5
1053,340,M20V01702,FA-3,MASS01605,P/BA-3
1054,339,M20V01016,FA-2,MASS01153,P/BA-3/BA-4Panas
1055,339,M20V00452,FA-1,MASS00722,BA-5
1056,338,M20V01240,FA-1,MASS01007,BA-5
1057,337,M20V01836,FA-3,MASS01704,P/BA-3/BA-4Z
1058,336,M20V00602,FA-1,MASS00851,BA-5
1059,335,M20V01851,FA-2,MASS01717,P/BA-3Z
1060,330,M20V00739,FA-1,MASS00956,BA-5/BA-8SSW
1061,329,M20V01723,FA-3,MASS01622,P/BA-3
1062,328,M20V00661,FA-1,MASS00899,BA-5/BA-8SSP
1063,327,M20V01694,FA-1,MASS01599,BA-5
1064,325,M20V01202,FA-1,MASS01204,BA-1/BA-7
1065,320,M20V00416,FA-1,MASS00645,BA-5/BA-8SSPSSW
1066,317,M20V00148,FA-1,MASS00395,BA-5
1067,317,M20V01835,FA-3,MASS01703,P/BA-3/BA-4Z
1068,298,M20V01816,FA-3,MASS01641,BA-3
1069,287,M20V00729,FA-2,MASS00952,P/BA-1/BA-4CLOOS
1070,285,M20V00621,FA-1,MASS00871,BA-5/BA-8EsSSW
1071,281,M20V01621,FA-1,MASS01545,BA-7
1072,279,M20V01879,FA-2,MASS01741,P/BA-3
1073,277,M20V01406,FA-1,MASS01404,BA-5/BA-8Es
1074,277,M20V01857,FA-3,MASS01723,P/BA-3/BA-4Z
1075,274,M20V01266,FA-1,MASS01322,BA-5
1076,258,M20V01438,FA-2,MASS01430,P/BA-1/BA-4Z
1077,248,M20V01846,FA-2,MASS01714,P/BA-3
1078,247,M20V00846,FA-2,MASS01013,P/BA-2
1079,236,M20V01975,FA-2,MASS01797,BA-1/BA-4
1080,232,M20V01796,FA-1,MASS01132,BA-5/BA-8SSP
1081,231,M20V01697,FA-1,MASS01601,BA-5
1082,229,M20V01764,FA-2,MASS01651,BA-3/BA-4Z
1083,216,M20V00606,FA-1,MASS00855,BA-5/BA-8SSPSSW
1084,209,M20V01730,FA-3,MASS01605,P/BA-3
1085,167,M20V01869,FA-1,MASS01733,BA-5
1086,159,M20V01717,FA-2,MASS01616,BA-3
1087,153,M20V00344,FA-2,MASS00610,BA-1/BA-4StABB
1088,0,M20V00253,FA-1,MASS00358,BA-5/BA-8Es
1089,449,M20V00349,FA-2,MASS00615,BA-1/BA-4ABB
1090,257,M20V00550,FA-2,MASS00566,P/BA-1/BA-4ABB
1091,366,M20V00451,FA-1,MASS00721,BA-5
1092,450,M20V00645,FA-2,MASS00847,P/BA-1/BA-4ABB
1093,244,M20V01862,FA-2,MASS01727,BA-3/BA-4Z
1094,293,M20V01799,FA-2,MASS01675,P/BA-1/BA-4
1095,253,M20V01863,FA-2,MASS01728,BA-3/BA-4Z
1096,469,M20V01504,FA-1,MASS01452,BA-7
1097,397,M20V01134,FA-2,MASS01203,BA-3/BA-4
1098,356,M20V01878,FA-1,MASS01740,BA-3
1099,401,M20V00569,FA-1,MASS00821,BA-5/BA-8Es
1100,659,M20V00062,FA-1,MASS00302,BA-5/BA-7
1101,532,M20V00639,FA-3,MASS00880,P/BA-2
1102,261,M20V01390,FA-1,MASS01396,BA-5
1103,356,M20V00320,FA-2,MASS00543,P/BA-1/BA-4ABB
1104,397,M20V01133,FA-2,MASS01202,BA-3/BA-4
1105,854,M20V00748,FA-1,MASS00962,BA-5/BA-8EsSSW
1106,339,M20V01234,FA-1,MASS01729,BA-7/BA-8SSW/BA-4Z
1107,263,M20V01228,FA-2,MASS01293,P/BA-3/BA-4Panas
1108,474,M20V00147,FA-1,MASS00393,BA-5/BA-8SSW
1109,706,M20V00422,FA-1,MASS00692,BA-5/BA-8Es
1110,314,M20V00409,FA-1,MASS00678,BA-5
1111,1270,M20V01775,FA-2,MASS01662,P/BA-1/BA-4
1112,1120,M20V01803,FA-2,MASS01678,P/BA-1/BA-4
1113,599,M20V01689,FA-1,MASS01590,BA-1/BA-5/BA-8
1114,441,M20V01847,FA-3,MASS01676,P/BA-3Z/BA-4Z
1115,391,M20V01819,FA-2,MASS01689,P/BA-3Z/BA-4Z
1116,379,M20V01412,FA-1,MASS00982,BA-5
1117,355,M20V01759,FA-2,MASS01644,P/BA-1/BA-4
1118,317,M20V01873,FA-2,MASS01735,P/BA-2
1119,301,M20V01834,FA-1,MASS01698,BA-2
1120,300,M20V01396,FA-2,MASS01400,BA-2
1121,188,M20V02109,FA-1,MASS01877,BA-3/BA-4
1122,117,M20V01875,FA-3,MASS01737,P/BA-2
1123,430,M20V01214,FA-2,MASS01280,P/BA-3/BA-4St
1124,443,M20V00010,FA-2,MASS00238,BA-1/BA-4Panas
1125,298,M20V01138,FA-2,MASS01224,P/BA-3/BA-4St
1126,448,M20V01562,FA-1,MASS01460,BA-7
1127,447,M20V00356,FA-2,MASS00628,P/BA-2
1128,305,M20V00592,FA-1,MASS00842,BA-5
1129,298,M20V01276,FA-2,MASS01331,BA-1/BA-4St
1130,264,M20V01599,FA-1,MASS01529,BA-5
1131,208,M20V00861,FA-1,MASS01046,BA-5
1132,202,M20V01566,FA-1,MASS00434,BA-7
1133,197,M20V00901,FA-2,MASS01084,P/BA-2
1134,147,M20V00456,FA-1,MASS00726,BA-5
1135,139,M20V01844,FA-1,MASS01712,BA-3
1136,127,M20V01843,FA-1,MASS01711,BA-3
1137,108,M20V00594,FA-1,MASS00843,BA-5/BA-8Es
1138,97,M20V01119,FA-2,MASS01124,BA-1/BA-4ABB
1139,252,M20V01354,FA-2,MASS01336,BA-1/BA-4ABB
1140,356,M20V01220,FA-2,MASS01287,P/BA-2
1141,215,M20V01782,FA-2,MASS01224,P/BA-3/BA-4St
1142,725,M20V00766,FA-1,MASS00957,BA-5
1143,722,M20V00476,FA-1,MASS00745,BA-5
1144,314,M20V00157,FA-1,MASS00228,BA-5/BA-7
1145,8198,M20V00474,FA-1,MASS00743,BA-5
1146,2239,M20V01368,FA-2,MASS01387,P/BA-1
1147,404,M20V00492,FA-1,MASS00764,BA-5
1148,376,M20V00062,FA-1,MASS00302,BA-5/BA-7
1149,363,M20V00685,FA-2,MASS00917,BA-2
1150,310,M20V00191,FA-1,MASS00436,BA-5
1151,236,M20V01967,FA-2,MASS01793,BA-3/BA-4Panas
1152,246,M20V00982,FA-2,MASS01134,P/BA-2/P
1153,190,M20V01828,FA-2,MASS01697,P/BA-1/BA-4
1154,120,M20V00672,FA-1,MASS00906,BA-5
1155,98,M20V00687,FA-1,MASS00919,BA-5/BA-8SSP
1156,64,M20V01859,FA-2,MASS01725,BA-2
1157,0,M20V02025,FA-1,MASS01807,BA-5
1158,59,M20V01411,FA-1,MASS01409,BA-2
1159,361,M20V00112,FA-1,MASS00362,BA-1/BA-5/BA-4cloos
1160,355,M20V01797,FA-2,MASS01280,P/BA-3/BA-4St
1161,376,M20V00191,FA-1,MASS00436,BA-5
1162,1290,M20V00425,FA-1,MASS00695,BA-5/BA-8Es
1163,214,M20V00642,FA-1,MASS00882,BA-5/BA-8Es
1164,245,M20V00253,FA-1,MASS00358,BA-5/BA-8Es
1165,767,M20V00041,FA-2,MASS00268,BA-2Z
1166,316,M20V00098,FA-1,MASS00342,BA-5
1167,133,M20V00029,FA-2,MASS00256,BA-2Z
1168,429,M20V00399,FA-1,MASS00667,BA-5
1169,475,M20V00003,FA-2,MASS00227,BA-2
1170,444,M20V00010,FA-2,MASS00238,BA-1/BA-4Panas
1171,127,M20V01412,FA-1,MASS00982,BA-5
1172,377,M20V01654,FA-1,MASS01568,BA-5/BA-8Es
1173,439,M20V01219,FA-1,MASS01286,BA-1/BA-5/BA-8
1174,500,M20V00596,FA-1,MASS00845,BA-5/BA-8EsSSW
1175,0,M20V01939,FA-1,MASS00555,BA-5
1176,243,M20V01418,FA-2,MASS01411,BA-2
1177,232,M20V00047,FA-2,MASS00271,BA-2Z
1178,230,M20V01772,FA-3,MASS01659,P/BA-3/BA-4Z
1179,193,M20V00586,FA-1,MASS00836,BA-5
1180,183,M20V00476,FA-1,MASS00745,BA-5
1181,7286,M20V00069,FA-1,MASS00321,BA-5
1182,131,M20V01647,FA-1,MASS01563,BA-5/BA-8SSP
1183,107,M20V01870,FA-3,MASS01703,P/BA-3/BA-4Z
1184,223,M20V01642,FA-1,MASS01461,BA-7
1185,476,M20V00707,FA-2,MASS00935,P/BA-2
1186,396,M20V00469,FA-2,MASS00739,BA-1/BA-4ABB
1187,274,M20V00454,FA-1,MASS00724,BA-5
1188,213,M20V00065,FA-1,MASS00318,BA-5/BA-7
1189,189,M20V01656,FA-1,MASS01322,BA-5
1190,459,M20V00558,FA-1,MASS00818,BA-7
1191,437,M20V01668,FA-1,MASS01576,BA-7
1192,394,M20V01422,FA-1,MASS01415,BA-5
1193,374,M20V00917,FA-1,MASS01093,BA-5
1194,326,M20V00560,FA-1,MASS00820,BA-5
1195,297,M20V00391,FA-1,MASS00663,BA-5
1196,289,M20V01199,FA-2,MASS01270,P/BA-3
1197,228,M20V01519,FA-1,MASS00486,BA-5
1198,127,M20V00827,FA-1,MASS01017,BA-5
1199,4046,M20V00304,FA-1,MASS00568,BA-5
1200,2766,M20V01049,FA-1,MASS01171,BA-5
1201,818,M20V01600,FA-1,MASS00435,BA-5
1202,748,M20V00005,FA-2,MASS00221,BA-2
1203,728,M20V01900,FA-2,MASS01757,P/BA-3/BA-4Cloos
1204,513,M20V01402,FA-2,MASS01403,P/BA-2Z
1205,512,M20V01837,FA-2,MASS01683,BA-3/BA-4Z
1206,498,M20V00315,FA-2,MASS00522,P/BA-2/BA-4ABB
1207,496,M20V01401,FA-3,MASS01402,BA-2Z
1208,493,M20V01867,FA-1,MASS00918,BA-2Z
1209,488,M20V01345,FA-1,MASS01369,BA-5
1210,465,M20V00415,FA-1,MASS00686,BA-5/BA-8Es
1211,454,M20V01343,FA-2,MASS01367,BA-3/BA-4Z
1212,449,M20V00191,FA-1,MASS00436,BA-5
1213,440,M20V00289,FA-2,MASS00558,BA-2
1214,424,M20V01217,FA-1,MASS01283,BA-5
1215,416,M20V01136,FA-1,MASS01222,BA-5
1216,414,M20V00153,FA-1,MASS00400,BA-5/BA-8SSP
1217,394,M20V00777,FA-1,MASS00979,BA-5
1218,386,M20V01722,FA-3,MASS01621,P/BA-3
1219,386,M20V01601,FA-1,MASS01530,BA-7
1220,383,M20V01006,FA-1,MASS01148,BA-5/BA-8Es
1221,376,M20V00153,FA-1,MASS00400,BA-5/BA-8SSP
1222,372,M20V01376,FA-3,MASS01391,P/BA-1/BA-4Z
1223,359,M20V00997,FA-1,MASS01143,BA-5
1224,358,M20V00150,FA-1,MASS00397,BA-5
1225,358,M20V01441,FA-2,MASS01433,P/BA-2
1226,356,M20V01420,FA-2,MASS01413,P/BA-1/BA-4
1227,347,M20V01619,FA-2,MASS00253,BA-2
1228,346,M20V00442,FA-1,MASS00712,BA-5
1229,345,M20V01825,FA-1,MASS01694,BA-5
1230,345,M20V00514,FA-1,MASS00782,BA-5
1231,342,M20V01852,FA-2,MASS01718,P/BA-3Z
1232,342,M20V00766,FA-1,MASS00957,BA-5
1233,339,M20V01774,FA-2,MASS01661,P/BA-1/BA-4
1234,331,M20V01762,FA-2,MASS01647,P/BA-2
1235,326,M20V00490,FA-1,MASS00762,BA-5
1236,323,M20V00206,FA-1,MASS00469,BA-5
1237,319,M20V01421,FA-2,MASS01414,P/BA-1/BA-4
1238,316,M20V00701,FA-1,MASS00930,BA-5/BA-8SSWx2
1239,316,M20V00149,FA-1,MASS00396,BA-5
1240,316,M20V01567,FA-1,MASS01510,BA-5
1241,309,M20V01822,FA-1,MASS01693,BA-5
1242,308,M20V00444,FA-1,MASS00714,BA-7
1243,307,M20V00728,FA-1,MASS00951,BA-5/BA-8SSW
1244,306,M20V01823,FA-2,MASS01671,P/BA-1/BA-4
1245,304,M20V01675,FA-1,MASS01530,BA-7
1246,299,M20V02308,FA-1,MASS02013,BA-5
1247,298,M20V00178,FA-1,MASS00535,BA-5/BA-7
1248,297,M20V00110,FA-1,MASS00361,BA-2/BA-5
1249,288,M20V00847,FA-2,MASS01014,P/BA-2
1250,288,M20V00549,FA-2,MASS00562,P/BA-1/BA-4ABB
1251,288,M20V01037,FA-1,MASS01164,BA-5
1252,286,M20V00378,FA-1,MASS00650,BA-5
1253,285,M20V01798,FA-2,MASS01674,P/BA-1/BA-4
1254,280,M20V01373,FA-1,MASS01527,BA-7
1255,279,M20V01881,FA-1,MASS01743,BA-7
1256,279,M20V01779,FA-2,MASS01665,P/BA-3/BA-4Z
1257,279,M20V01434,FA-2,MASS01395,P/BA-3
1258,269,M20V01336,FA-1,MASS01362,BA-5
1259,269,M20V00705,FA-1,MASS00933,BA-5/BA-8SSP
1260,269,M20V01627,FA-1,MASS01552,BA-7
1261,268,M20V01639,FA-1,MASS01479,BA-5
1262,267,M20V01416,FA-2,MASS00253,BA-2
1263,267,M20V00898,FA-1,MASS01080,BA-5
1264,265,M20V01645,FA-1,MASS01561,BA-7
1265,265,M20V00867,FA-2,MASS01048,BA-1/BA-4ABB
1266,259,M20V01295,FA-1,MASS01338,BA-5/BA-8Es
1267,258,M20V01575,FA-1,MASS00337,BA-5/BA-7
1268,256,M20V00506,FA-1,MASS00775,BA-5
1269,256,M20V00151,FA-1,MASS00391,BA-5
1270,255,M20V01561,FA-1,MASS01507,BA-7
1271,255,M20V00023,FA-2,MASS00253,BA-2
1272,252,M20V01118,FA-3,MASS01212,P/BA-2
1273,252,M20V01888,FA-2,MASS01748,P/BA-3/BA-4Z
1274,251,M20V01751,FA-3,MASS01632,P/BA-3/BA-4Z
1275,249,M20V00650,FA-1,MASS00889,BA-5
1276,248,M20V00486,FA-1,MASS00757,BA-5
1277,247,M20V00094,FA-1,MASS00342,BA-5
1278,245,M20V01655,FA-1,MASS01569,BA-7
1279,243,M20V00600,FA-2,MASS00849,P/BA-1/BA-4ABB
1280,241,M20V00643,FA-1,MASS00883,BA-5/BA-8SSP
1281,239,M20V01359,FA-1,MASS01379,BA-5
1282,237,M20V01826,FA-3,MASS01695,P/BA-3/BA-4Panas
1283,237,M20V01701,FA-3,MASS01604,P/BA-3
1284,236,M20V00891,FA-2,MASS00598,P/BA-1/BA-4ABB
1285,235,M20V00471,FA-1,MASS00422,BA-7
1286,234,M20V01935,FA-2,MASS01783,BA-2/BA-4St/BA-2
1287,233,M20V00676,FA-1,MASS00910,BA-5/BA-8SSP
1288,232,M20V01344,FA-2,MASS01368,BA-3/BA-4Z
1289,232,M20V01936,FA-2,MASS01784,BA-2/BA-4St/BA-2
1290,230,M20V01378,FA-2,MASS01393,P/BA-3
1291,230,M20V00535,FA-1,MASS00795,BA-5
1292,229,M20V01547,FA-2,MASS01498,P/BA-3
1293,227,M20V01889,FA-2,MASS01749,P/BA-3/BA-4Z
1294,226,M20V00515,FA-1,MASS00783,BA-5
1295,225,M20V01856,FA-3,MASS01722,P/BA-3/BA-4Z
1296,224,M20V00105,FA-1,MASS00342,BA-5
1297,224,M20V01763,FA-1,MASS01650,BA-5
1298,223,M20V00484,FA-2,MASS00754,P/BA-1/BA-4
1299,220,M20V00525,FA-1,MASS00791,BA-5
1300,219,M20V01440,FA-1,MASS01432,BA-5
1301,219,M20V01614,FA-1,MASS01461,BA-7
1302,218,M20V01808,FA-2,MASS01683,BA-3/BA-4Z
1303,217,M20V01170,FA-2,MASS01248,P/BA-1/BA-4ABB
1304,217,M20V00716,FA-2,MASS00941,BA-2
1305,215,M20V01328,FA-2,MASS01348,BA-3Z
1306,214,M20V00933,FA-1,MASS00927,BA-5
1307,212,M20V01765,FA-2,MASS01652,BA-3/BA-4Z
1308,211,M20V01582,FA-1,MASS00960,BA-7
1309,210,M20V01887,FA-2,MASS01887,P/BA-2
1310,210,M20V01410,FA-2,MASS01408,BA-3/BA-4Z
1311,209,M20V00845,FA-1,MASS01032,BA-5
1312,207,M20V01597,FA-1,MASS01508,BA-7
1313,207,M20V01662,FA-1,MASS01572,BA-7
1314,206,M20V00127,FA-1,MASS00342,BA-5
1315,203,M20V00223,FA-1,MASS00487,BA-5
1316,203,M20V01671,FA-1,MASS00422,BA-7
1317,199,M20V01653,FA-1,MASS01567,BA-7
1318,198,M20V01093,FA-2,MASS01198,BA-2
1319,198,M20V01901,FA-2,MASS01758,P/BA-3/BA-4Cloos
1320,197,M20V00887,FA-2,MASS01071,P/BA-1/BA-4Z
1321,196,M20V01866,FA-2,MASS01731,P/BA-3/BA-4Z
1322,195,M20V00902,FA-2,MASS01085,BA-4St/P/BA-1
1323,195,M20V01814,FA-2,MASS01684,BA-3/BA-4Z
1324,195,M20V01536,FA-1,MASS01488,BA-7
1325,191,M20V00483,FA-2,MASS00753,P/BA-1/BA-4
1326,188,M20V01840,FA-3,MASS01706,P/BA-3
1327,187,M20V01389,FA-1,MASS01105,BA-5
1328,185,M20V01813,FA-2,MASS01683,BA-3/BA-4Z
1329,184,M20V01786,FA-2,MASS01651,BA-3/BA-4Z
1330,183,M20V01865,FA-3,MASS01730,P/BA-3/BA-4Z
1331,182,M20V01409,FA-2,MASS01407,BA-3/BA-4Z
1332,182,M20V00670,FA-1,MASS00904,BA-5/BA-8SSP
1333,181,M20V01736,FA-2,MASS01627,P/BA-2
1334,179,M20V01657,FA-1,MASS00818,BA-7
1335,178,M20V00227,FA-1,MASS00491,BA-5
1336,177,M20V00215,FA-1,MASS00477,BA-7
1337,176,M20V01307,FA-2,MASS01346,P/BA-1/BA-4St
1338,172,M20V01091,FA-1,MASS01196,BA-5
1339,171,M20V01408,FA-1,MASS01406,BA-5
1340,169,M20V00671,FA-1,MASS00905,BA-5/BA-8SSP
1341,166,M20V00352,FA-1,MASS00360,BA-5/BA-8SSW
1342,166,M20V00552,FA-1,MASS00813,BA-5
1343,165,M20V00910,FA-2,MASS00522,P/BA-2/BA-4ABB
1344,164,M20V00190,FA-1,MASS00435,BA-5
1345,163,M20V01271,FA-1,MASS01327,BA-5
1346,162,M20V01139,FA-1,MASS01225,BA-5
1347,159,M20V01666,FA-1,MASS01574,BA-7
1348,159,M20V00251,FA-2,MASS00520,BA-1/BA-4ABB
1349,155,M20V00801,FA-1,MASS00973,BA-5
1350,155,M20V00663,FA-2,MASS00900,P/BA-2
1351,155,M20V01680,FA-1,MASS01227,BA-2
1352,152,M20V00674,FA-1,MASS00908,BA-5/BA-8SSP
1353,152,M20V01054,FA-1,MASS01172,BA-5
1354,150,M20V00888,FA-2,MASS01072,P/BA-1/BA-4Z
1355,150,M20V01194,FA-2,MASS01265,P/BA-3/BA-4
1356,150,M20V00951,FA-1,MASS00938,BA-7/BA-8SSP
1357,149,M20V01778,FA-1,MASS01546,BA-7
1358,148,M20V00966,FA-2,MASS01118,P/BA-1/BA-4ABB
1359,148,M20V00883,FA-1,MASS01068,BA-5
1360,145,M20V00603,FA-1,MASS00852,BA-5
1361,145,M20V01661,FA-1,MASS00940,BA-5
1362,145,M20V00492,FA-1,MASS00764,BA-5
1363,144,M20V00727,FA-3,MASS00950,P/BA-1/BA-4CLOOS
1364,144,M20V01652,FA-1,MASS00767,BA-7
1365,144,M20V00475,FA-2,MASS00744,BA-1/BA-4CLOOS
1366,143,M20V00250,FA-1,MASS00519,BA-5
1367,143,M20V01351,FA-1,MASS01375,BA-5/BA-8SSP
1368,141,M20V01877,FA-1,MASS01739,BA-5
1369,140,M20V00925,FA-2,MASS01097,BA-2
1370,139,M20V02288,FA-1,MASS00655,BA-5
1371,138,M20V00973,FA-2,MASS01123,P/BA-1/BA-4Z
1372,138,M20V01267,FA-3,MASS01323,P/BA-3
1373,137,M20V00088,FA-1,MASS00337,BA-5/BA-7
1374,136,M20V00656,FA-1,MASS00894,BA-5
1375,135,M20V02301,FA-1,MASS02007,BA-7
1376,135,M20V00869,FA-2,MASS01050,BA-1/BA-4
1377,135,M20V01587,FA-1,MASS01524,BA-7
1378,134,M20V01663,FA-1,MASS01507,BA-7
1379,133,M20V01785,FA-1,MASS00763,BA-7
1380,131,M20V00844,FA-1,MASS01031,BA-5/BA-8SSP
1381,129,M20V02252,FA-3,MASS01942,BA-2
1382,129,M20V00212,FA-1,MASS00474,BA-5
1383,129,M20V01884,FA-2,MASS01744,P/BA-1/BA-4
1384,128,M20V00424,FA-2,MASS00694,P/BA-1/BA-4ABB
1385,127,M20V01740,FA-1,MASS01631,BA-5
1386,126,M20V01174,FA-2,MASS01254,P/BA-3/BA-4St
1387,126,M20V01679,FA-1,MASS00763,BA-7
1388,124,M20V01687,FA-2,MASS01588,P/BA-2
1389,122,M20V00419,FA-2,MASS00690,BA-2Z
1390,122,M20V01444,FA-1,MASS01444,BA-5
1391,120,M20V00464,FA-1,MASS00734,BA-5
1392,118,M20V01885,FA-2,MASS01745,P/BA-1/BA-4
1393,116,M20V00641,FA-1,MASS00881,BA-5/BA-8SSP
1394,114,M20V00225,FA-2,MASS00489,BA-1/BA-4ABB
1395,113,M20V00835,FA-2,MASS01024,BA-4St/P/BA-1
1396,113,M20V00924,FA-2,MASS01096,BA-2
1397,113,M20V00799,FA-1,MASS00996,BA-5
1398,109,M20V00571,FA-1,MASS00823,BA-5
1399,108,M20V00123,FA-1,MASS00378,BA-5/BA-8SSP
1400,108,M20V00698,FA-2,MASS00616,BA-1/BA-4ABB
1401,108,M20V01610,FA-1,MASS01535,BA-7
1402,107,M20V01574,FA-1,MASS00869,BA-5
1403,106,M20V00323,FA-2,MASS00576,P/BA-2/BA-4ABB
1404,105,M20V00697,FA-2,MASS00615,BA-1/BA-4ABB
1405,104,M20V00410,FA-2,MASS00679,P/BA-2
1406,103,M20V01690,FA-2,MASS01591,P/BA-3Z
1407,102,M20V01691,FA-2,MASS01592,P/BA-3Z
1408,102,M20V01241,FA-1,MASS01303,BA-5
1409,102,M20V01585,FA-1,MASS00960,BA-7
1410,102,M20V00411,FA-2,MASS00681,P/BA-1/BA-4
1411,100,M20V00405,FA-2,MASS00674,BA-2/BA-4
1412,97,M20V00500,FA-2,MASS00652,P/BA-1/BA-4ABB
1413,94,M20V00457,FA-1,MASS00727,BA-5/BA-8Es
1414,92,M20V01603,FA-1,MASS00940,BA-5
1415,91,M20V01648,FA-1,MASS01547,BA-7
1416,90,M20V01672,FA-1,MASS01532,BA-7
1417,90,M20V01518,FA-1,MASS01478,BA-5
1418,89,M20V00834,FA-2,MASS01023,BA-1/BA-4CLOOS
1419,87,M20V01513,FA-1,MASS00477,BA-7
1420,87,M20V00921,FA-1,MASS00951,BA-5/BA-8SSW
1421,84,M20V01858,FA-2,MASS01724,BA-2
1422,83,M20V01272,FA-3,MASS01328,BA-2Z
1423,83,M20V00675,FA-1,MASS00909,BA-5
1424,82,M20V00448,FA-2,MASS00718,BA-1/BA-4ABB
1425,75,M20V00652,FA-1,MASS00891,BA-5/BA-8SSP
1426,70,M20V01138,FA-2,MASS01224,P/BA-3/BA-4St
1427,67,M20V00856,FA-2,MASS01040,P/BA-1/BA-4
1428,66,M20V01413,FA-2,MASS01410,P/BA-2
1429,62,M20V00816,FA-2,MASS01008,BA-4St/P/BA-1
1430,61,M20V00928,FA-1,MASS01100,BA-5/BA-8EsSSW
1431,57,M20V01137,FA-2,MASS01224,P/BA-3/BA-4St
1432,53,M20V01967,FA-2,MASS01793,BA-3/BA-4Panas
1433,51,M20V00616,FA-1,MASS00863,BA-5
1434,47,M20V01112,FA-1,MASS01209,BA-5
1435,39,M20V01934,FA-1,MASS01782,BA-7/BA-8SSP
1436,24,M20V00903,FA-2,MASS01086,P/BA-1/BA-4
1437,7,M20V00220,FA-1,MASS00482,BA-5
1438,6,M20V01138,FA-2,MASS01224,P/BA-3/BA-4St
1439,0,M20V00900,FA-1,MASS01082,BA-1/BA-4CLOOS
1440,0,M20V02016,FA-3,MASS01090,P/BA-1/BA-4CLOOS
1441,0,M20V01988,FA-3,MASS01218,BA-3/BA-4Panas
1442,0,M20V00471,FA-1,MASS00422,BA-7
1443,0,M20V02031,FA-2,MASS01767,BA-3/BA-4Panas
1444,0,M20V02032,FA-2,MASS01769,BA-3/BA-4Panas
1445,0,M20V01125,FA-2,MASS01183,BA-2
1446,0,M20V02000,FA-2,MASS01124,BA-1/BA-4ABB
1447,0,M20V01992,FA-3,MASS01219,BA-3/BA-4Panas
1448,0,M20V02051,FA-1,MASS00358,BA-5/BA-8Es
1449,0,M20V01519,FA-1,MASS00486,BA-5
1450,0,M20V01126,FA-2,MASS01184,BA-2
1451,0,M20V02015,FA-3,MASS01087,P/BA-1/BA-4CLOOS
1452,0,M20V02002,FA-2,MASS01146,BA-1/BA-4ABB
1453,0,M20V00639,FA-3,MASS00880,P/BA-2
1454,379,M20V01739,FA-3,MASS01630,P/BA-3
1455,184,M20V00024,FA-2,MASS00254,BA-2Z
1456,300,M20V00807,FA-2,MASS01000,BA-4StABB/P/BA-1
1457,172,M20V00547,FA-1,MASS00811,BA-5
1458,1612,M20V01004,FA-1,MASS01147,BA-5/BA-8Es
1459,393,M20V00189,FA-1,MASS00434,BA-7
1460,280,M20V01218,FA-2,MASS01285,P/BA-3
1461,259,M20V00050,FA-2,MASS00283,BA-2Z
1462,259,M20V00049,FA-2,MASS00282,BA-2Z
1463,196,M20V01225,FA-2,MASS01292,BA-2
1464,167,M20V02232,FA-2,MASS01963,P/BA-3/BA-4St
1465,379,M20V01279,FA-2,MASS01178,BA-2Z
1466,304,M20V01562,FA-1,MASS01460,BA-7
1467,301,M20V01221,FA-2,MASS01288,P/BA-2
1468,229,M20V00388,FA-1,MASS00660,BA-5
1469,160,M20V00906,FA-2,MASS01088,P/BA-1/BA-4CLOOS
1470,202,M20V01281,FA-3,MASS01332,P/BA-3/BA-4Panas
1471,38,M20V00461,FA-1,MASS00731,BA-3/BA-4St
1472,620,M20V00871,FA-2,MASS01052,BA-2
1473,85,M20V00778,FA-1,MASS00980,BA-5
1474,405,M20V00046,FA-2,MASS00268,BA-2Z
1475,3733,M20V00132,FA-1,MASS00388,BA-5
1476,397,M20V00929,FA-2,MASS01101,P/BA-1/BA-4ABB
1477,360,M20V01632,FA-1,MASS01553,BA-7/BA-8Es
1478,251,M20V01910,FA-1,MASS01764,BA-2
1479,204,M20V02144,FA-3,MASS01161,BA-1/BA-8EsSSW
1480,132,M20V00618,FA-1,MASS00384,BA-5/BA-8EsSSW
1481,127,M20VC1312,FC-1,MASSC1351,BC-1
1482,81,M20V01909,FA-1,MASS01763,BA-1/BA-4
1483,50,M20V01333,FA-2,MASS01359,BA-1/BA-4Panas
1484,196,M20V01224,FA-2,MASS01291,BA-2
1485,374,M20V00600,FA-2,MASS00849,P/BA-1/BA-4ABB
1486,205,M20V00024,FA-2,MASS00254,BA-2Z
1487,226,M20V01279,FA-2,MASS01178,BA-2Z
1488,621,M20V00727,FA-3,MASS00950,P/BA-1/BA-4CLOOS
1489,139,M20V00806,FA-2,MASS00999,BA-4St/P/BA-1
1490,92,M20V00950,FA-2,MASS01112,P/BA-2Z
1491,79,M20V01281,FA-3,MASS01332,P/BA-3/BA-4Panas
1492,206,M20V01387,FA-1,MASS00957,BA-5
1493,330,M20V00685,FA-2,MASS00917,BA-2
1494,310,M20V00176,FA-1,MASS00421,BA-5
1495,274,M20V00029,FA-2,MASS00256,BA-2Z
1496,189,M20V01562,FA-1,MASS01460,BA-7
1497,176,M20V00922,FA-2,MASS01088,P/BA-1/BA-4CLOOS
1498,120,M20V00911,FA-1,MASS00951,BA-5/BA-8SSW
1499,96,M20V01137,FA-2,MASS01224,P/BA-3/BA-4St
1500,239,M20V00226,FA-1,MASS00490,BA-5
1501,61,M20V01387,FA-1,MASS00957,BA-5
1502,126,M20V01562,FA-1,MASS01460,BA-7
1503,101,M20V00766,FA-1,MASS00957,BA-5
1504,108,M20V00935,FA-1,MASS01104,BA-5
1505,0,M20V01262,FA-2,MASS01321,BA-3/BA-4Panas
1506,328,M20V00029,FA-2,MASS00256,BA-2Z
1507,46,M20V01386,FA-2,MASS01395,P/BA-3
1508,71,M20V00545,FA-1,MASS00808,BA-5/BA-8SSPSSW
1509,81,M20V00906,FA-2,MASS01088,P/BA-1/BA-4CLOOS
1510,319,M20V00297,FA-1,MASS00561,BA-5/BA-8SSP
1511,74,M20V01224,FA-2,MASS01291,BA-2
1512,105,M20V01797,FA-2,MASS01280,P/BA-3/BA-4St
1513,80,M20V00643,FA-1,MASS00883,BA-5/BA-8SSP
1514,968,M20V00813,FA-1,MASS01006,BA-5/BA-8SSPSSW
1515,514,M20V00062,FA-1,MASS00302,BA-5/BA-7
1516,77,M20V01412,FA-1,MASS00982,BA-5
1517,50,M20V01335,FA-1,MASS01361,BA-1/BA-5/BA-8SSW
1518,22,M20V00578,FA-1,MASS00828,BA-2
1519,92,M20V01967,FA-2,MASS01793,BA-3/BA-4Panas
1520,24,M20V00922,FA-2,MASS01088,P/BA-1/BA-4CLOOS
1521,8,M20V01138,FA-2,MASS01224,P/BA-3/BA-4St
1522,32,M20V00906,FA-2,MASS01088,P/BA-1/BA-4CLOOS
1523,163,M20V00866,FA-2,MASS01039,BA-4St/P/BA-1
1524,1,M20V01649,FA-1,MASS01010,BA-5/BA-8Es
1525,288,M20V00866,FA-2,MASS01039,BA-4St/P/BA-1
1526,221,M20V00010,FA-2,MASS00238,BA-1/BA-4Panas
1527,102,M20V01412,FA-1,MASS00982,BA-5
1528,81,M20V01611,FA-1,MASS01536,BA-7
1529,80,M20V01224,FA-2,MASS01291,BA-2
1530,77,M20V01221,FA-2,MASS01288,P/BA-2
1531,166,M20V01267,FA-3,MASS01323,P/BA-3
1532,39,M20V00906,FA-2,MASS01088,P/BA-1/BA-4CLOOS
1533,90,M20V01385,FA-1,MASS01009,BA-7
1534,54,M20V01281,FA-3,MASS01332,P/BA-3/BA-4Panas
1535,39,M20V01224,FA-2,MASS01291,BA-2
1536,72,M20V01386,FA-2,MASS01395,P/BA-3
1537,201,M20V00600,FA-2,MASS00849,P/BA-1/BA-4ABB
1538,86,M20V01611,FA-1,MASS01536,BA-7
1539,14,M20V01211,FA-2,MASS01277,P/BA-1/BA-4ZPanas
1540,249,M20V01129,FA-3,MASS01218,BA-3/BA-4Panas
1541,60,M20V00029,FA-2,MASS00256,BA-2Z
1542,48,M20V00017,FA-2,MASS00250,BA-2Z
1543,39,M20V00013,FA-2,MASS00245,BA-2Z
1544,32,M20V00015,FA-2,MASS00247,BA-2Z
1545,23,M20V00013,FA-2,MASS00245,BA-2Z
1546,67,M20V01797,FA-2,MASS01280,P/BA-3/BA-4St
1547,113,M20V00512,FA-1,MASS00351,BA-5/BA-7
1548,32,M20V00492,FA-1,MASS00764,BA-5
1549,14,M20V01515,FA-1,MASS00856,BA-7
1550,2,M20V00046,FA-2,MASS00268,BA-2Z
1551,30,M20V00171,FA-1,MASS00418,BA-5
1552,0,M20V00041,FA-2,MASS00268,BA-2Z
1553,0,M20V01649,FA-1,MASS01010,BA-5/BA-8Es
1554,2357,M20V00644,FA-1,MASS00884,BA-5
1555,0,M20V01968,FA-2,MASS01794,BA-3/BA-4Panas
1556,50,M20V01267,FA-3,MASS01323,P/BA-3
1557,0,M20V00830,FA-2,MASS00977,BA-1/BA-4CLOOS
1558,46,M20V00512,FA-1,MASS00351,BA-5/BA-7
1559,8,M20V00049,FA-2,MASS00282,BA-2Z
1560,244,M20V00222,FA-1,MASS00486,BA-5
1561,269,M20V00226,FA-1,MASS00490,BA-5
1562,241,M20V00542,FA-2,MASS00805,P/BA-1/BA-4Z
1563,47,M20V00011,FA-2,MASS00243,BA-2Z
1564,45,M20V00153,FA-1,MASS00400,BA-5/BA-8SSP
1565,32,M20V01224,FA-2,MASS01291,BA-2
1566,29,M20V01221,FA-2,MASS01288,P/BA-2
1567,25,M20V00880,FA-2,MASS01047,BA-4St/P/BA-1
1568,16,M20V01797,FA-2,MASS01280,P/BA-3/BA-4St
1569,0,M20V01267,FA-3,MASS01323,P/BA-3
1570,113,M20V00492,FA-1,MASS00764,BA-5
1571,181,M20V01387,FA-1,MASS00957,BA-5
1572,46,M20V00600,FA-2,MASS00849,P/BA-1/BA-4ABB
1573,55,M20V01385,FA-1,MASS01009,BA-7
1574,30,M20V00171,FA-1,MASS00418,BA-5
1575,0,M20V00806,FA-2,MASS00999,BA-4St/P/BA-1
1576,8,M20V01569,FA-1,MASS01512,BA-7
1577,338,M20V00024,FA-2,MASS00254,BA-2Z
1578,440,M20V01651,FA-1,MASS01470,BA-7/BA-8Es
1579,142,M20V01714,FA-2,MASS01613,P/BA-2
1580,5,M20V00816,FA-2,MASS01008,BA-4St/P/BA-1
1581,44,M20V01447,FA-2,MASS01425,BA-1/BA-4ABB
1582,1,M20V01224,FA-2,MASS01291,BA-2
1583,4,M20V01137,FA-2,MASS01224,P/BA-3/BA-4St
1584,228,M20V00062,FA-1,MASS00302,BA-5/BA-7
1585,124,M20V00046,FA-2,MASS00268,BA-2Z
1586,4,M20V00063,FA-2,MASS00305,BA-1/BA-4CLOOS
1587,2,M20V00049,FA-2,MASS00282,BA-2Z
1588,2,M20V00051,FA-2,MASS00284,BA-1/BA-4CLOOS
1589,0,M20V01204,FA-2,MASS01271,P/BA-3
1590,0,M20V00017,FA-2,MASS00250,BA-2Z
1591,0,M20V01204,FA-2,MASS01271,P/BA-3
1592,0,M20V00766,FA-1,MASS00957,BA-5
1593,0,M20V00040,FA-2,MASS00267,BA-2
1594,187,M20V00639,FA-3,MASS00880,P/BA-2
1595,145,M20V01716,FA-1,MASS01615,BA-7
1596,131,M20V01388,FA-1,MASS01028,BA-5/BA-8SSW
1597,103,M20V00190,FA-1,MASS00435,BA-5
1598,203,M20V01321,FA-1,MASS01354,BA-5
1599,134,M20V00428,FA-2,MASS00698,P/BA-1/BA-4ABB
1600,0,M20V00816,FA-2,MASS01008,BA-4St/P/BA-1
1601,573,M20V00726,FA-1,MASS00932,BA-5/BA-8SSP
1602,517,M20V00527,FA-1,MASS00792,BA-5
1603,362,M20V00189,FA-1,MASS00434,BA-7
1604,153,M20V00421,FA-1,MASS00691,BA-5/BA-8Es
1605,73,M20V01494,FA-1,MASS01463,BA-5
1606,7,M20V00189,FA-1,MASS00434,BA-7
