1,M20V00001
2,M20V00002
3,M20V00003
4,M20V00004
5,M20V00005
6,M20V00006
7,M20V00007
8,M20V00008
9,M20V00009
10,M20V00010
11,M20V00011
12,M20V00012
13,M20V00013
14,M20V00014
15,M20V00015
16,M20V00016
17,M20V00017
18,M20V00018
19,M20V00019
20,M20V00020
21,M20V00021
22,M20V00022
23,M20V00023
24,M20V00024
25,M20V00025
26,M20V00026
27,M20V00027
28,M20V00028
29,M20V00029
30,M20V00030
31,M20V00032
32,M20V00033
33,M20V00034
34,M20V00035
35,M20V00036
36,M20V00037
37,M20V00038
38,M20V00039
39,M20V00040
40,M20V00041
41,M20V00042
42,M20V00043
43,M20V00044
44,M20V00045
45,M20V00046
46,M20V00047
47,M20V00048
48,M20V00049
49,M20V00050
50,M20V00051
51,M20V00052
52,M20V00053
53,M20V00054
54,M20V00055
55,M20V00056
56,M20V00057
57,M20V00058
58,M20V00059
59,M20V00060
60,M20V00061
61,M20V00062
62,M20V00063
63,M20V00064
64,M20V00065
65,M20V00066
66,M20V00067
67,M20V00068
68,M20V00069
69,M20V00070
70,M20V00071
71,M20V00072
72,M20V00073
73,M20V00074
74,M20V00075
75,M20V00076
76,M20V00077
77,M20V00078
78,M20V00079
79,M20V00080
80,M20V00081
81,M20V00082
82,M20V00083
83,M20V00084
84,M20V00085
85,M20V00086
86,M20V00087
87,M20V00088
88,M20V00089
89,M20V00090
90,M20V00091
91,M20V00092
92,M20V00093
93,M20V00094
94,M20V00095
95,M20V00096
96,M20V00097
97,M20V00098
98,M20V00099
99,M20V00100
100,M20V00101
101,M20V00102
102,M20V00103
103,M20V00104
104,M20V00105
105,M20V00107
106,M20V00108
107,M20V00109
108,M20V00110
109,M20V00111
110,M20V00112
111,M20V00113
112,M20V00114
113,M20V00115
114,M20V00116
115,M20V00117
116,M20V00118
117,M20V00119
118,M20V00120
119,M20V00121
120,M20V00122
121,M20V00123
122,M20V00124
123,M20V00125
124,M20V00126
125,M20V00127
126,M20V00128
127,M20V00129
128,M20V00130
129,M20V00131
130,M20V00132
131,M20V00133
132,M20V00134
133,M20V00135
134,M20V00136
135,M20V00137
136,M20V00138
137,M20V00139
138,M20V00140
139,M20V00141
140,M20V00142
141,M20V00143
142,M20V00144
143,M20V00145
144,M20V00146
145,M20V00147
146,M20V00148
147,M20V00149
148,M20V00150
149,M20V00151
150,M20V00152
151,M20V00153
152,M20V00154
153,M20V00155
154,M20V00156
155,M20V00157
156,M20V00159
157,M20V00160
158,M20V00161
159,M20V00162
160,M20V00163
161,M20V00164
162,M20V00165
163,M20V00166
164,M20V00167
165,M20V00168
166,M20V00169
167,M20V00170
168,M20V00171
169,M20V00172
170,M20V00173
171,M20V00174
172,M20V00175
173,M20V00176
174,M20V00177
175,M20V00178
176,M20V00179
177,M20V00180
178,M20V00181
179,M20V00182
180,M20V00183
181,M20V00184
182,M20V00185
183,M20V00186
184,M20V00189
185,M20V00190
186,M20V00191
187,M20V00192
188,M20V00193
189,M20V00194
190,M20V00195
191,M20V00196
192,M20V00197
193,M20V00198
194,M20V00199
195,M20V00200
196,M20V00201
197,M20V00202
198,M20V00203
199,M20V00204
200,M20V00205
201,M20V00206
202,M20V00207
203,M20V00208
204,M20V00209
205,M20V00210
206,M20V00211
207,M20V00212
208,M20V00213
209,M20V00214
210,M20V00215
211,M20V00216
212,M20V00217
213,M20V00218
214,M20V00219
215,M20V00220
216,M20V00222
217,M20V00223
218,M20V00224
219,M20V00225
220,M20V00226
221,M20V00227
222,M20V00228
223,M20V00229
224,M20V00230
225,M20V00232
226,M20V00233
227,M20V00234
228,M20V00235
229,M20V00236
230,M20V00237
231,M20V00238
232,M20V00239
233,M20V00240
234,M20V00243
235,M20V00244
236,M20V00245
237,M20V00246
238,M20V00247
239,M20V00248
240,M20V00249
241,M20V00250
242,M20V00251
243,M20V00252
244,M20V00253
245,M20V00254
246,M20V00255
247,M20V00256
248,M20V00257
249,M20V00258
250,M20V00259
251,M20V00260
252,M20V00261
253,M20V00262
254,M20V00263
255,M20V00264
256,M20V00265
257,M20V00266
258,M20V00267
259,M20V00268
260,M20V00269
261,M20V00270
262,M20V00271
263,M20V00272
264,M20V00273
265,M20V00274
266,M20V00275
267,M20V00276
268,M20V00277
269,M20V00278
270,M20V00279
271,M20V00280
272,M20V00281
273,M20V00282
274,M20V00283
275,M20V00284
276,M20V00285
277,M20V00286
278,M20V00287
279,M20V00288
280,M20V00289
281,M20V00290
282,M20V00291
283,M20V00292
284,M20V00293
285,M20V00294
286,M20V00295
287,M20V00296
288,M20V00297
289,M20V00298
290,M20V00299
291,M20V00300
292,M20V00301
293,M20V00302
294,M20V00303
295,M20V00304
296,M20V00305
297,M20V00306
298,M20V00307
299,M20V00308
300,M20V00309
301,M20V00310
302,M20V00311
303,M20V00312
304,M20V00313
305,M20V00314
306,M20V00315
307,M20V00316
308,M20V00317
309,M20V00318
310,M20V00319
311,M20V00320
312,M20V00321
313,M20V00322
314,M20V00323
315,M20V00324
316,M20V00325
317,M20V00326
318,M20V00327
319,M20V00328
320,M20V00329
321,M20V00330
322,M20V00331
323,M20V00332
324,M20V00333
325,M20V00334
326,M20V00335
327,M20V00336
328,M20V00337
329,M20V00338
330,M20V00339
331,M20V00340
332,M20V00342
333,M20V00343
334,M20V00344
335,M20V00345
336,M20V00346
337,M20V00347
338,M20V00348
339,M20V00349
340,M20V00350
341,M20V00351
342,M20V00352
343,M20V00353
344,M20V00354
345,M20V00355
346,M20V00356
347,M20V00357
348,M20V00358
349,M20V00359
350,M20V00360
351,M20V00361
352,M20V00362
353,M20V00363
354,M20V00364
355,M20V00365
356,M20V00366
357,M20V00367
358,M20V00368
359,M20V00369
360,M20V00370
361,M20V00371
362,M20V00372
363,M20V00373
364,M20V00374
365,M20V00375
366,M20V00376
367,M20V00377
368,M20V00378
369,M20V00379
370,M20V00380
371,M20V00381
372,M20V00382
373,M20V00383
374,M20V00384
375,M20V00385
376,M20V00386
377,M20V00387
378,M20V00388
379,M20V00389
380,M20V00390
381,M20V00391
382,M20V00392
383,M20V00393
384,M20V00394
385,M20V00397
386,M20V00398
387,M20V00399
388,M20V00400
389,M20V00401
390,M20V00402
391,M20V00403
392,M20V00404
393,M20V00405
394,M20V00406
395,M20V00407
396,M20V00408
397,M20V00409
398,M20V00410
399,M20V00411
400,M20V00412
401,M20V00413
402,M20V00414
403,M20V00415
404,M20V00416
405,M20V00417
406,M20V00418
407,M20V00419
408,M20V00420
409,M20V00421
410,M20V00422
411,M20V00423
412,M20V00424
413,M20V00425
414,M20V00426
415,M20V00427
416,M20V00428
417,M20V00439
418,M20V00440
419,M20V00441
420,M20V00442
421,M20V00443
422,M20V00444
423,M20V00445
424,M20V00446
425,M20V00447
426,M20V00448
427,M20V00449
428,M20V00450
429,M20V00451
430,M20V00452
431,M20V00453
432,M20V00454
433,M20V00455
434,M20V00456
435,M20V00457
436,M20V00458
437,M20V00459
438,M20V00460
439,M20V00461
440,M20V00462
441,M20V00463
442,M20V00464
443,M20V00465
444,M20V00466
445,M20V00467
446,M20V00468
447,M20V00469
448,M20V00470
449,M20V00471
450,M20V00472
451,M20V00473
452,M20V00474
453,M20V00475
454,M20V00476
455,M20V00477
456,M20V00478
457,M20V00479
458,M20V00480
459,M20V00481
460,M20V00482
461,M20V00483
462,M20V00484
463,M20V00485
464,M20V00486
465,M20V00487
466,M20V00488
467,M20V00489
468,M20V00490
469,M20V00491
470,M20V00492
471,M20V00493
472,M20V00494
473,M20V00495
474,M20V00496
475,M20V00497
476,M20V00498
477,M20V00499
478,M20V00500
479,M20V00501
480,M20V00502
481,M20V00503
482,M20V00504
483,M20V00505
484,M20V00506
485,M20V00507
486,M20V00508
487,M20V00509
488,M20V00510
489,M20V00511
490,M20V00512
491,M20V00513
492,M20V00514
493,M20V00515
494,M20V00516
495,M20V00517
496,M20V00518
497,M20V00519
498,M20V00520
499,M20V00521
500,M20V00522
501,M20V00523
502,M20V00524
503,M20V00525
504,M20V00526
505,M20V00527
506,M20V00528
507,M20V00529
508,M20V00530
509,M20V00531
510,M20V00532
511,M20V00533
512,M20V00534
513,M20V00535
514,M20V00536
515,M20V00537
516,M20V00538
517,M20V00539
518,M20V00540
519,M20V00541
520,M20V00542
521,M20V00543
522,M20V00544
523,M20V00545
524,M20V00546
525,M20V00547
526,M20V00548
527,M20V00549
528,M20V00550
529,M20V00551
530,M20V00552
531,M20V00553
532,M20V00554
533,M20V00555
534,M20V00556
535,M20V00557
536,M20V00558
537,M20V00559
538,M20V00560
539,M20V00569
540,M20V00570
541,M20V00571
542,M20V00572
543,M20V00573
544,M20V00574
545,M20V00575
546,M20V00576
547,M20V00577
548,M20V00578
549,M20V00579
550,M20V00580
551,M20V00581
552,M20V00582
553,M20V00583
554,M20V00584
555,M20V00585
556,M20V00586
557,M20V00587
558,M20V00588
559,M20V00589
560,M20V00590
561,M20V00591
562,M20V00592
563,M20V00593
564,M20V00594
565,M20V00595
566,M20V00596
567,M20V00597
568,M20V00598
569,M20V00599
570,M20V00600
571,M20V00601
572,M20V00602
573,M20V00603
574,M20V00604
575,M20V00605
576,M20V00606
577,M20V00607
578,M20V00608
579,M20V00609
580,M20V00610
581,M20V00611
582,M20V00612
583,M20V00613
584,M20V00614
585,M20V00615
586,M20V00616
587,M20V00617
588,M20V00618
589,M20V00619
590,M20V00620
591,M20V00621
592,M20V00622
593,M20V00623
594,M20V00624
595,M20V00625
596,M20V00626
597,M20V00627
598,M20V00628
599,M20V00629
600,M20V00630
601,M20V00631
602,M20V00632
603,M20V00633
604,M20V00634
605,M20V00635
606,M20V00636
607,M20V00638
608,M20V00639
609,M20V00640
610,M20V00641
611,M20V00642
612,M20V00643
613,M20V00644
614,M20V00645
615,M20V00646
616,M20V00647
617,M20V00648
618,M20V00649
619,M20V00650
620,M20V00651
621,M20V00652
622,M20V00653
623,M20V00654
624,M20V00655
625,M20V00656
626,M20V00657
627,M20V00658
628,M20V00659
629,M20V00660
630,M20V00661
631,M20V00662
632,M20V00663
633,M20V00664
634,M20V00665
635,M20V00666
636,M20V00667
637,M20V00670
638,M20V00671
639,M20V00672
640,M20V00673
641,M20V00674
642,M20V00675
643,M20V00676
644,M20V00677
645,M20V00678
646,M20V00679
647,M20V00680
648,M20V00681
649,M20V00682
650,M20V00683
651,M20V00684
652,M20V00685
653,M20V00686
654,M20V00687
655,M20V00688
656,M20V00689
657,M20V00690
658,M20V00691
659,M20V00692
660,M20V00693
661,M20V00694
662,M20V00695
663,M20V00696
664,M20V00697
665,M20V00698
666,M20V00699
667,M20V00700
668,M20V00701
669,M20V00702
670,M20V00703
671,M20V00704
672,M20V00705
673,M20V00706
674,M20V00707
675,M20V00708
676,M20V00709
677,M20V00710
678,M20V00711
679,M20V00712
680,M20V00713
681,M20V00714
682,M20V00715
683,M20V00716
684,M20V00717
685,M20V00718
686,M20V00719
687,M20V00720
688,M20V00721
689,M20V00722
690,M20V00723
691,M20V00724
692,M20V00725
693,M20V00726
694,M20V00727
695,M20V00728
696,M20V00729
697,M20V00730
698,M20V00731
699,M20V00732
700,M20V00733
701,M20V00734
702,M20V00735
703,M20V00736
704,M20V00737
705,M20V00738
706,M20V00739
707,M20V00740
708,M20V00741
709,M20V00742
710,M20V00743
711,M20V00744
712,M20V00745
713,M20V00746
714,M20V00747
715,M20V00748
716,M20V00749
717,M20V00750
718,M20V00751
719,M20V00752
720,M20V00753
721,M20V00754
722,M20V00755
723,M20V00756
724,M20V00757
725,M20V00758
726,M20V00759
727,M20V00760
728,M20V00761
729,M20V00762
730,M20V00763
731,M20V00764
732,M20V00765
733,M20V00766
734,M20V00767
735,M20V00768
736,M20V00769
737,M20V00770
738,M20V00771
739,M20V00772
740,M20V00773
741,M20V00774
742,M20V00775
743,M20V00776
744,M20V00777
745,M20V00778
746,M20V00779
747,M20V00780
748,M20V00781
749,M20V00782
750,M20V00783
751,M20V00784
752,M20V00785
753,M20V00786
754,M20V00787
755,M20V00788
756,M20V00789
757,M20V00790
758,M20V00791
759,M20V00792
760,M20V00793
761,M20V00794
762,M20V00795
763,M20V00796
764,M20V00797
765,M20V00798
766,M20V00799
767,M20V00800
768,M20V00801
769,M20V00802
770,M20V00803
771,M20V00804
772,M20V00805
773,M20V00806
774,M20V00807
775,M20V00808
776,M20V00809
777,M20V00810
778,M20V00811
779,M20V00812
780,M20V00813
781,M20V00814
782,M20V00815
783,M20V00816
784,M20V00817
785,M20V00818
786,M20V00819
787,M20V00820
788,M20V00821
789,M20V00822
790,M20V00824
791,M20V00825
792,M20V00826
793,M20V00827
794,M20V00828
795,M20V00829
796,M20V00830
797,M20V00831
798,M20V00832
799,M20V00833
800,M20V00834
801,M20V00835
802,M20V00836
803,M20V00837
804,M20V00838
805,M20V00839
806,M20V00840
807,M20V00841
808,M20V00842
809,M20V00843
810,M20V00844
811,M20V00845
812,M20V00846
813,M20V00847
814,M20V00848
815,M20V00849
816,M20V00850
817,M20V00851
818,M20V00852
819,M20V00853
820,M20V00854
821,M20V00855
822,M20V00856
823,M20V00857
824,M20V00858
825,M20V00859
826,M20V00860
827,M20V00861
828,M20V00862
829,M20V00863
830,M20V00864
831,M20V00865
832,M20V00866
833,M20V00867
834,M20V00868
835,M20V00869
836,M20V00870
837,M20V00871
838,M20V00872
839,M20V00873
840,M20V00874
841,M20V00875
842,M20V00876
843,M20V00877
844,M20V00878
845,M20V00879
846,M20V00880
847,M20V00881
848,M20V00882
849,M20V00883
850,M20V00884
851,M20V00885
852,M20V00886
853,M20V00887
854,M20V00888
855,M20V00889
856,M20V00890
857,M20V00891
858,M20V00892
859,M20V00893
860,M20V00894
861,M20V00895
862,M20V00896
863,M20V00897
864,M20V00898
865,M20V00899
866,M20V00900
867,M20V00901
868,M20V00902
869,M20V00903
870,M20V00904
871,M20V00905
872,M20V00906
873,M20V00907
874,M20V00908
875,M20V00909
876,M20V00910
877,M20V00911
878,M20V00912
879,M20V00914
880,M20V00915
881,M20V00916
882,M20V00917
883,M20V00919
884,M20V00920
885,M20V00921
886,M20V00922
887,M20V00923
888,M20V00924
889,M20V00925
890,M20V00926
891,M20V00927
892,M20V00928
893,M20V00929
894,M20V00930
895,M20V00931
896,M20V00932
897,M20V00933
898,M20V00934
899,M20V00935
900,M20V00936
901,M20V00937
902,M20V00938
903,M20V00939
904,M20V00940
905,M20V00941
906,M20V00942
907,M20V00943
908,M20V00944
909,M20V00946
910,M20V00947
911,M20V00948
912,M20V00949
913,M20V00950
914,M20V00951
915,M20V00952
916,M20V00953
917,M20V00954
918,M20V00955
919,M20V00958
920,M20V00959
921,M20V00960
922,M20V00961
923,M20V00962
924,M20V00963
925,M20V00964
926,M20V00965
927,M20V00966
928,M20V00967
929,M20V00968
930,M20V00969
931,M20V00970
932,M20V00971
933,M20V00972
934,M20V00973
935,M20V00975
936,M20V00976
937,M20V00977
938,M20V00978
939,M20V00979
940,M20V00980
941,M20V00981
942,M20V00982
943,M20V00983
944,M20V00984
945,M20V00985
946,M20V00986
947,M20V00987
948,M20V00988
949,M20V00989
950,M20V00990
951,M20V00991
952,M20V00992
953,M20V00993
954,M20V00994
955,M20V00995
956,M20V00996
957,M20V00997
958,M20V00998
959,M20V00999
960,M20V01001
961,M20V01002
962,M20V01003
963,M20V01004
964,M20V01005
965,M20V01006
966,M20V01007
967,M20V01008
968,M20V01009
969,M20V01010
970,M20V01011
971,M20V01012
972,M20V01013
973,M20V01014
974,M20V01015
975,M20V01016
976,M20V01017
977,M20V01018
978,M20V01019
979,M20V01020
980,M20V01021
981,M20V01022
982,M20V01023
983,M20V01024
984,M20V01025
985,M20V01026
986,M20V01027
987,M20V01028
988,M20V01029
989,M20V01031
990,M20V01032
991,M20V01033
992,M20V01034
993,M20V01035
994,M20V01036
995,M20V01037
996,M20V01038
997,M20V01039
998,M20V01040
999,M20V01041
1000,M20V01042
1001,M20V01043
1002,M20V01044
1003,M20V01046
1004,M20V01047
1005,M20V01048
1006,M20V01049
1007,M20V01050
1008,M20V01051
1009,M20V01052
1010,M20V01053
1011,M20V01054
1012,M20V01055
1013,M20V01056
1014,M20V01057
1015,M20V01058
1016,M20V01059
1017,M20V01060
1018,M20V01061
1019,M20V01062
1020,M20V01063
1021,M20V01064
1022,M20V01065
1023,M20V01066
1024,M20V01067
1025,M20V01068
1026,M20V01069
1027,M20V01070
1028,M20V01071
1029,M20V01072
1030,M20V01073
1031,M20V01074
1032,M20V01075
1033,M20V01076
1034,M20V01077
1035,M20V01078
1036,M20V01079
1037,M20V01080
1038,M20V01081
1039,M20V01082
1040,M20V01083
1041,M20V01084
1042,M20V01085
1043,M20V01086
1044,M20V01087
1045,M20V01088
1046,M20V01089
1047,M20V01090
1048,M20V01091
1049,M20V01092
1050,M20V01093
1051,M20V01094
1052,M20V01095
1053,M20V01096
1054,M20V01097
1055,M20V01098
1056,M20V01099
1057,M20V01100
1058,M20V01101
1059,M20V01102
1060,M20V01103
1061,M20V01104
1062,M20V01105
1063,M20V01106
1064,M20V01107
1065,M20V01108
1066,M20V01109
1067,M20V01110
1068,M20V01111
1069,M20V01112
1070,M20V01113
1071,M20V01114
1072,M20V01115
1073,M20V01116
1074,M20V01117
1075,M20V01118
1076,M20V01119
1077,M20V01120
1078,M20V01121
1079,M20V01122
1080,M20V01123
1081,M20V01124
1082,M20V01125
1083,M20V01126
1084,M20V01127
1085,M20V01128
1086,M20V01129
1087,M20V01130
1088,M20V01131
1089,M20V01132
1090,M20V01133
1091,M20V01134
1092,M20V01135
1093,M20V01136
1094,M20V01137
1095,M20V01138
1096,M20V01139
1097,M20V01140
1098,M20V01141
1099,M20V01142
1100,M20V01143
1101,M20V01144
1102,M20V01145
1103,M20V01146
1104,M20V01147
1105,M20V01148
1106,M20V01149
1107,M20V01150
1108,M20V01151
1109,M20V01152
1110,M20V01153
1111,M20V01154
1112,M20V01155
1113,M20V01156
1114,M20V01157
1115,M20V01158
1116,M20V01163
1117,M20V01164
1118,M20V01165
1119,M20V01166
1120,M20V01167
1121,M20V01168
1122,M20V01169
1123,M20V01170
1124,M20V01171
1125,M20V01172
1126,M20V01173
1127,M20V01174
1128,M20V01175
1129,M20V01176
1130,M20V01177
1131,M20V01178
1132,M20V01179
1133,M20V01180
1134,M20V01181
1135,M20V01182
1136,M20V01183
1137,M20V01184
1138,M20V01185
1139,M20V01186
1140,M20V01187
1141,M20V01188
1142,M20V01189
1143,M20V01190
1144,M20V01191
1145,M20V01192
1146,M20V01193
1147,M20V01194
1148,M20V01195
1149,M20V01196
1150,M20V01197
1151,M20V01198
1152,M20V01199
1153,M20V01200
1154,M20V01201
1155,M20V01202
1156,M20V01204
1157,M20V01205
1158,M20V01206
1159,M20V01207
1160,M20V01208
1161,M20V01209
1162,M20V01210
1163,M20V01211
1164,M20V01212
1165,M20V01213
1166,M20V01214
1167,M20V01215
1168,M20V01216
1169,M20V01217
1170,M20V01218
1171,M20V01219
1172,M20V01220
1173,M20V01221
1174,M20V01222
1175,M20V01223
1176,M20V01224
1177,M20V01225
1178,M20V01226
1179,M20V01227
1180,M20V01228
1181,M20V01229
1182,M20V01230
1183,M20V01231
1184,M20V01232
1185,M20V01233
1186,M20V01234
1187,M20V01235
1188,M20V01236
1189,M20V01237
1190,M20V01238
1191,M20V01239
1192,M20V01240
1193,M20V01241
1194,M20V01242
1195,M20V01243
1196,M20V01244
1197,M20V01245
1198,M20V01247
1199,M20V01248
1200,M20V01249
1201,M20V01250
1202,M20V01251
1203,M20V01252
1204,M20V01253
1205,M20V01254
1206,M20V01255
1207,M20V01256
1208,M20V01257
1209,M20V01258
1210,M20V01259
1211,M20V01260
1212,M20V01261
1213,M20V01262
1214,M20V01263
1215,M20V01264
1216,M20V01265
1217,M20V01266
1218,M20V01267
1219,M20V01268
1220,M20V01269
1221,M20V01270
1222,M20V01271
1223,M20V01272
1224,M20V01273
1225,M20V01274
1226,M20V01275
1227,M20V01276
1228,M20V01277
1229,M20V01278
1230,M20V01279
1231,M20V01280
1232,M20V01281
1233,M20V01282
1234,M20V01283
1235,M20V01284
1236,M20V01285
1237,M20V01286
1238,M20V01287
1239,M20V01288
1240,M20V01289
1241,M20V01290
1242,M20V01291
1243,M20V01292
1244,M20V01293
1245,M20V01294
1246,M20V01295
1247,M20V01296
1248,M20V01297
1249,M20V01298
1250,M20V01299
1251,M20V01300
1252,M20V01301
1253,M20V01302
1254,M20V01303
1255,M20V01304
1256,M20V01305
1257,M20V01306
1258,M20V01307
1259,M20V01308
1260,M20V01309
1261,M20V01310
1262,M20V01311
1263,M20V01312
1264,M20V01313
1265,M20V01314
1266,M20V01315
1267,M20V01316
1268,M20V01317
1269,M20V01318
1270,M20V01319
1271,M20V01320
1272,M20V01321
1273,M20V01322
1274,M20V01323
1275,M20V01324
1276,M20V01325
1277,M20V01326
1278,M20V01327
1279,M20V01328
1280,M20V01329
1281,M20V01330
1282,M20V01331
1283,M20V01332
1284,M20V01333
1285,M20V01334
1286,M20V01335
1287,M20V01336
1288,M20V01337
1289,M20V01338
1290,M20V01339
1291,M20V01340
1292,M20V01341
1293,M20V01342
1294,M20V01343
1295,M20V01344
1296,M20V01345
1297,M20V01346
1298,M20V01347
1299,M20V01348
1300,M20V01349
1301,M20V01350
1302,M20V01351
1303,M20V01352
1304,M20V01353
1305,M20V01354
1306,M20V01355
1307,M20V01356
1308,M20V01357
1309,M20V01358
1310,M20V01359
1311,M20V01360
1312,M20V01361
1313,M20V01362
1314,M20V01363
1315,M20V01364
1316,M20V01365
1317,M20V01366
1318,M20V01367
1319,M20V01368
1320,M20V01369
1321,M20V01370
1322,M20V01371
1323,M20V01372
1324,M20V01373
1325,M20V01374
1326,M20V01375
1327,M20V01376
1328,M20V01377
1329,M20V01378
1330,M20V01379
1331,M20V01380
1332,M20V01381
1333,M20V01382
1334,M20V01383
1335,M20V01384
1336,M20V01385
1337,M20V01386
1338,M20V01387
1339,M20V01388
1340,M20V01389
1341,M20V01390
1342,M20V01391
1343,M20V01392
1344,M20V01393
1345,M20V01394
1346,M20V01395
1347,M20V01396
1348,M20V01397
1349,M20V01398
1350,M20V01399
1351,M20V01400
1352,M20V01401
1353,M20V01402
1354,M20V01403
1355,M20V01404
1356,M20V01405
1357,M20V01406
1358,M20V01407
1359,M20V01408
1360,M20V01409
1361,M20V01410
1362,M20V01411
1363,M20V01412
1364,M20V01413
1365,M20V01414
1366,M20V01415
1367,M20V01416
1368,M20V01417
1369,M20V01418
1370,M20V01419
1371,M20V01420
1372,M20V01421
1373,M20V01422
1374,M20V01423
1375,M20V01424
1376,M20V01425
1377,M20V01426
1378,M20V01427
1379,M20V01428
1380,M20V01430
1381,M20V01431
1382,M20V01432
1383,M20V01433
1384,M20V01434
1385,M20V01435
1386,M20V01436
1387,M20V01437
1388,M20V01438
1389,M20V01439
1390,M20V01440
1391,M20V01441
1392,M20V01442
1393,M20V01443
1394,M20V01444
1395,M20V01445
1396,M20V01446
1397,M20V01447
1398,M20V01448
1399,M20V01449
1400,M20V01450
1401,M20V01451
1402,M20V01452
1403,M20V01453
1404,M20V01454
1405,M20V01455
1406,M20V01456
1407,M20V01457
1408,M20V01458
1409,M20V01459
1410,M20V01460
1411,M20V01461
1412,M20V01462
1413,M20V01463
1414,M20V01464
1415,M20V01465
1416,M20V01466
1417,M20V01479
1418,M20V01480
1419,M20V01481
1420,M20V01482
1421,M20V01485
1422,M20V01486
1423,M20V01487
1424,M20V01488
1425,M20V01489
1426,M20V01490
1427,M20V01491
1428,M20V01492
1429,M20V01493
1430,M20V01494
1431,M20V01495
1432,M20V01496
1433,M20V01497
1434,M20V01499
1435,M20V01500
1436,M20V01501
1437,M20V01502
1438,M20V01503
1439,M20V01504
1440,M20V01505
1441,M20V01506
1442,M20V01507
1443,M20V01508
1444,M20V01509
1445,M20V01510
1446,M20V01511
1447,M20V01512
1448,M20V01513
1449,M20V01514
1450,M20V01515
1451,M20V01516
1452,M20V01517
1453,M20V01518
1454,M20V01519
1455,M20V01520
1456,M20V01521
1457,M20V01522
1458,M20V01523
1459,M20V01524
1460,M20V01525
1461,M20V01526
1462,M20V01527
1463,M20V01528
1464,M20V01529
1465,M20V01530
1466,M20V01531
1467,M20V01532
1468,M20V01533
1469,M20V01534
1470,M20V01535
1471,M20V01536
1472,M20V01537
1473,M20V01538
1474,M20V01539
1475,M20V01540
1476,M20V01541
1477,M20V01542
1478,M20V01543
1479,M20V01544
1480,M20V01545
1481,M20V01546
1482,M20V01547
1483,M20V01548
1484,M20V01549
1485,M20V01550
1486,M20V01551
1487,M20V01552
1488,M20V01553
1489,M20V01554
1490,M20V01555
1491,M20V01556
1492,M20V01557
1493,M20V01558
1494,M20V01559
1495,M20V01560
1496,M20V01561
1497,M20V01562
1498,M20V01563
1499,M20V01564
1500,M20V01565
1501,M20V01566
1502,M20V01567
1503,M20V01568
1504,M20V01569
1505,M20V01570
1506,M20V01571
1507,M20V01572
1508,M20V01573
1509,M20V01574
1510,M20V01575
1511,M20V01576
1512,M20V01577
1513,M20V01578
1514,M20V01579
1515,M20V01580
1516,M20V01581
1517,M20V01582
1518,M20V01583
1519,M20V01585
1520,M20V01586
1521,M20V01587
1522,M20V01588
1523,M20V01589
1524,M20V01591
1525,M20V01592
1526,M20V01593
1527,M20V01594
1528,M20V01595
1529,M20V01596
1530,M20V01597
1531,M20V01598
1532,M20V01599
1533,M20V01600
1534,M20V01601
1535,M20V01602
1536,M20V01603
1537,M20V01604
1538,M20V01605
1539,M20V01606
1540,M20V01607
1541,M20V01608
1542,M20V01609
1543,M20V01610
1544,M20V01611
1545,M20V01612
1546,M20V01613
1547,M20V01614
1548,M20V01615
1549,M20V01616
1550,M20V01617
1551,M20V01618
1552,M20V01619
1553,M20V01620
1554,M20V01621
1555,M20V01622
1556,M20V01623
1557,M20V01624
1558,M20V01625
1559,M20V01626
1560,M20V01627
1561,M20V01632
1562,M20V01633
1563,M20V01634
1564,M20V01635
1565,M20V01636
1566,M20V01637
1567,M20V01638
1568,M20V01639
1569,M20V01640
1570,M20V01641
1571,M20V01642
1572,M20V01643
1573,M20V01644
1574,M20V01645
1575,M20V01646
1576,M20V01647
1577,M20V01648
1578,M20V01649
1579,M20V01650
1580,M20V01651
1581,M20V01652
1582,M20V01653
1583,M20V01654
1584,M20V01655
1585,M20V01656
1586,M20V01657
1587,M20V01658
1588,M20V01659
1589,M20V01660
1590,M20V01661
1591,M20V01663
1592,M20V01664
1593,M20V01665
1594,M20V01666
1595,M20V01667
1596,M20V01668
1597,M20V01669
1598,M20V01670
1599,M20V01671
1600,M20V01672
1601,M20V01673
1602,M20V01674
1603,M20V01675
1604,M20V01676
1605,M20V01677
1606,M20V01678
1607,M20V01679
1608,M20V01680
1609,M20V01681
1610,M20V01682
1611,M20V01683
1612,M20V01684
1613,M20V01685
1614,M20V01686
1615,M20V01687
1616,M20V01688
1617,M20V01689
1618,M20V01690
1619,M20V01691
1620,M20V01692
1621,M20V01693
1622,M20V01694
1623,M20V01695
1624,M20V01696
1625,M20V01697
1626,M20V01698
1627,M20V01699
1628,M20V01700
1629,M20V01701
1630,M20V01702
1631,M20V01703
1632,M20V01704
1633,M20V01705
1634,M20V01706
1635,M20V01707
1636,M20V01708
1637,M20V01709
1638,M20V01710
1639,M20V01711
1640,M20V01712
1641,M20V01713
1642,M20V01714
1643,M20V01715
1644,M20V01716
1645,M20V01717
1646,M20V01718
1647,M20V01719
1648,M20V01720
1649,M20V01721
1650,M20V01722
1651,M20V01723
1652,M20V01724
1653,M20V01725
1654,M20V01726
1655,M20V01727
1656,M20V01728
1657,M20V01729
1658,M20V01730
1659,M20V01731
1660,M20V01732
1661,M20V01733
1662,M20V01734
1663,M20V01735
1664,M20V01736
1665,M20V01737
1666,M20V01738
1667,M20V01739
1668,M20V01740
1669,M20V01741
1670,M20V01742
1671,M20V01743
1672,M20V01744
1673,M20V01745
1674,M20V01746
1675,M20V01747
1676,M20V01748
1677,M20V01749
1678,M20V01750
1679,M20V01751
1680,M20V01752
1681,M20V01753
1682,M20V01754
1683,M20V01755
1684,M20V01756
1685,M20V01757
1686,M20V01758
1687,M20V01759
1688,M20V01760
1689,M20V01761
1690,M20V01762
1691,M20V01763
1692,M20V01764
1693,M20V01765
1694,M20V01766
1695,M20V01767
1696,M20V01768
1697,M20V01769
1698,M20V01770
1699,M20V01771
1700,M20V01772
1701,M20V01773
1702,M20V01774
1703,M20V01775
1704,M20V01776
1705,M20V01777
1706,M20V01778
1707,M20V01779
1708,M20V01780
1709,M20V01781
1710,M20V01782
1711,M20V01783
1712,M20V01784
1713,M20V01785
1714,M20V01786
1715,M20V01787
1716,M20V01788
1717,M20V01789
1718,M20V01790
1719,M20V01791
1720,M20V01792
1721,M20V01793
1722,M20V01794
1723,M20V01795
1724,M20V01796
1725,M20V01797
1726,M20V01798
1727,M20V01799
1728,M20V01800
1729,M20V01801
1730,M20V01802
1731,M20V01803
1732,M20V01804
1733,M20V01805
1734,M20V01806
1735,M20V01807
1736,M20V01808
1737,M20V01809
1738,M20V01810
1739,M20V01811
1740,M20V01812
1741,M20V01813
1742,M20V01814
1743,M20V01815
1744,M20V01816
1745,M20V01817
1746,M20V01818
1747,M20V01819
1748,M20V01820
1749,M20V01821
1750,M20V01822
1751,M20V01823
1752,M20V01824
1753,M20V01825
1754,M20V01826
1755,M20V01827
1756,M20V01828
1757,M20V01829
1758,M20V01830
1759,M20V01831
1760,M20V01832
1761,M20V01833
1762,M20V01834
1763,M20V01835
1764,M20V01836
1765,M20V01837
1766,M20V01838
1767,M20V01839
1768,M20V01840
1769,M20V01841
1770,M20V01842
1771,M20V01843
1772,M20V01844
1773,M20V01845
1774,M20V01846
1775,M20V01847
1776,M20V01848
1777,M20V01849
1778,M20V01850
1779,M20V01851
1780,M20V01852
1781,M20V01853
1782,M20V01854
1783,M20V01855
1784,M20V01856
1785,M20V01857
1786,M20V01858
1787,M20V01859
1788,M20V01860
1789,M20V01861
1790,M20V01862
1791,M20V01864
1792,M20V01865
1793,M20V01866
1794,M20V01867
1795,M20V01868
1796,M20V01869
1797,M20V01870
1798,M20V01871
1799,M20V01872
1800,M20V01873
1801,M20V01874
1802,M20V01875
1803,M20V01876
1804,M20V01877
1805,M20V01878
1806,M20V01879
1807,M20V01880
1808,M20V01881
1809,M20V01882
1810,M20V01883
1811,M20V01884
1812,M20V01885
1813,M20V01886
1814,M20V01887
1815,M20V01888
1816,M20V01889
1817,M20V01890
1818,M20V01891
1819,M20V01892
1820,M20V01893
1821,M20V01894
1822,M20V01895
1823,M20V01896
1824,M20V01897
1825,M20V01898
1826,M20V01899
1827,M20V01900
1828,M20V01901
1829,M20V01902
1830,M20V01903
1831,M20V01904
1832,M20V01905
1833,M20V01906
1834,M20V01907
1835,M20V01909
1836,M20V01910
1837,M20V01911
1838,M20V01912
1839,M20V01913
1840,M20V01914
1841,M20V01915
1842,M20V01916
1843,M20V01917
1844,M20V01918
1845,M20V01919
1846,M20V01920
1847,M20V01921
1848,M20V01922
1849,M20V01923
1850,M20V01924
1851,M20V01925
1852,M20V01926
1853,M20V01927
1854,M20V01928
1855,M20V01929
1856,M20V01930
1857,M20V01931
1858,M20V01933
1859,M20V01934
1860,M20V01935
1861,M20V01936
1862,M20V01937
1863,M20V01938
1864,M20V01939
1865,M20V01940
1866,M20V01941
1867,M20V01942
1868,M20V01943
1869,M20V01944
1870,M20V01945
1871,M20V01946
1872,M20V01947
1873,M20V01948
1874,M20V01949
1875,M20V01950
1876,M20V01951
1877,M20V01952
1878,M20V01953
1879,M20V01954
1880,M20V01955
1881,M20V01956
1882,M20V01957
1883,M20V01958
1884,M20V01959
1885,M20V01960
1886,M20V01961
1887,M20V01962
1888,M20V01965
1889,M20V01966
1890,M20V01967
1891,M20V01968
1892,M20V01969
1893,M20V01970
1894,M20V01971
1895,M20V01972
1896,M20V01973
1897,M20V01974
1898,M20V01975
1899,M20V01976
1900,M20V01977
1901,M20V01978
1902,M20V01979
1903,M20V01980
1904,M20V01981
1905,M20V01982
1906,M20V01983
1907,M20V01984
1908,M20V01985
1909,M20V01986
1910,M20V01987
1911,M20V01988
1912,M20V01989
1913,M20V01990
1914,M20V01991
1915,M20V01992
1916,M20V01993
1917,M20V01994
1918,M20V01995
1919,M20V01996
1920,M20V01997
1921,M20V01998
1922,M20V01999
1923,M20V02000
1924,M20V02001
1925,M20V02002
1926,M20V02003
1927,M20V02004
1928,M20V02005
1929,M20V02006
1930,M20V02007
1931,M20V02011
1932,M20V02012
1933,M20V02013
1934,M20V02014
1935,M20V02015
1936,M20V02016
1937,M20V02017
1938,M20V02018
1939,M20V02019
1940,M20V02020
1941,M20V02021
1942,M20V02022
1943,M20V02023
1944,M20V02024
1945,M20V02025
1946,M20V02026
1947,M20V02027
1948,M20V02028
1949,M20V02029
1950,M20V02030
1951,M20V02031
1952,M20V02032
1953,M20V02033
1954,M20V02034
1955,M20V02035
1956,M20V02036
1957,M20V02037
1958,M20V02038
1959,M20V02039
1960,M20V02040
1961,M20V02041
1962,M20V02042
1963,M20V02043
1964,M20V02044
1965,M20V02045
1966,M20V02046
1967,M20V02047
1968,M20V02048
1969,M20V02049
1970,M20V02050
1971,M20V02051
1972,M20V02052
1973,M20V02053
1974,M20V02054
1975,M20V02055
1976,M20V02056
1977,M20V02057
1978,M20V02058
1979,M20V02059
1980,M20V02060
1981,M20V02061
1982,M20V02062
1983,M20V02064
1984,M20V02065
1985,M20V02066
1986,M20V02067
1987,M20V02068
1988,M20V02069
1989,M20V02070
1990,M20V02071
1991,M20V02072
1992,M20V02073
1993,M20V02074
1994,M20V02075
1995,M20V02078
1996,M20V02079
1997,M20V02080
1998,M20V02081
1999,M20V02082
2000,M20V02083
2001,M20V02084
2002,M20V02085
2003,M20V02086
2004,M20V02087
2005,M20V02088
2006,M20V02089
2007,M20V02090
2008,M20V02091
2009,M20V02092
2010,M20V02093
2011,M20V02094
2012,M20V02095
2013,M20V02096
2014,M20V02097
2015,M20V02098
2016,M20V02099
2017,M20V02100
2018,M20V02101
2019,M20V02102
2020,M20V02103
2021,M20V02104
2022,M20V02105
2023,M20V02106
2024,M20V02108
2025,M20V02109
2026,M20V02110
2027,M20V02111
2028,M20V02112
2029,M20V02113
2030,M20V02114
2031,M20V02115
2032,M20V02116
2033,M20V02117
2034,M20V02118
2035,M20V02119
2036,M20V02120
2037,M20V02121
2038,M20V02122
2039,M20V02123
2040,M20V02124
2041,M20V02125
2042,M20V02126
2043,M20V02127
2044,M20V02128
2045,M20V02129
2046,M20V02130
2047,M20V02131
2048,M20V02132
2049,M20V02133
2050,M20V02136
2051,M20V02137
2052,M20V02138
2053,M20V02140
2054,M20V02141
2055,M20V02142
2056,M20V02143
2057,M20V02144
2058,M20V02145
2059,M20V02146
2060,M20V02147
2061,M20V02148
2062,M20V02149
2063,M20V02150
2064,M20V02151
2065,M20V02152
2066,M20V02153
2067,M20V02154
2068,M20V02155
2069,M20V02156
2070,M20V02157
2071,M20V02158
2072,M20V02159
2073,M20V02160
2074,M20V02162
2075,M20V02163
2076,M20V02164
2077,M20V02165
2078,M20V02166
2079,M20V02167
2080,M20V02168
2081,M20V02169
2082,M20V02170
2083,M20V02171
2084,M20V02172
2085,M20V02173
2086,M20V02174
2087,M20V02175
2088,M20V02176
2089,M20V02178
2090,M20V02179
2091,M20V02180
2092,M20V02181
2093,M20V02182
2094,M20V02184
2095,M20V02185
2096,M20V02186
2097,M20V02187
2098,M20V02188
2099,M20V02190
2100,M20V02191
2101,M20V02192
2102,M20V02193
2103,M20V02194
2104,M20V02195
2105,M20V02196
2106,M20V02197
2107,M20V02198
2108,M20V02199
2109,M20V02200
2110,M20V02201
2111,M20V02202
2112,M20V02203
2113,M20V02204
2114,M20V02205
2115,M20V02206
2116,M20V02207
2117,M20V02208
2118,M20V02209
2119,M20V02210
2120,M20V02211
2121,M20V02212
2122,M20V02213
2123,M20V02215
2124,M20V02216
2125,M20V02217
2126,M20V02218
2127,M20V02219
2128,M20V02220
2129,M20V02221
2130,M20V02222
2131,M20V02224
2132,M20V02225
2133,M20V02228
2134,M20V02229
2135,M20V02230
2136,M20V02231
2137,M20V02232
2138,M20V02233
2139,M20V02234
2140,M20V02235
2141,M20V02236
2142,M20V02237
2143,M20V02238
2144,M20V02239
2145,M20V02240
2146,M20V02241
2147,M20V02243
2148,M20V02244
2149,M20V02245
2150,M20V02248
2151,M20V02249
2152,M20V02250
2153,M20V02252
2154,M20V02253
2155,M20V02254
2156,M20VC2189
