1,MASS00221
2,MASS00222
3,MASS00225
4,MASS00226
5,MASS00227
6,MASS00229
7,MASS00230
8,MASS00233
9,MASS00238
10,MASS00243
11,MASS00245
12,MASS00246
13,MASS00247
14,MASS00250
15,MASS00253
16,MASS00254
17,MASS00255
18,MASS00256
19,MASS00257
20,MASS00259
21,MASS00261
22,MASS00263
23,MASS00264
24,MASS00265
25,MASS00266
26,MASS00267
27,MASS00268
28,MASS00269
29,MASS00270
30,MASS00271
31,MASS00272
32,MASS00281
33,MASS00282
34,MASS00283
35,MASS00284
36,MASS00285
37,MASS00292
38,MASS00301
39,MASS00305
40,MASS00321
41,MASS00324
42,MASS00325
43,MASS00340
44,MASS00346
45,MASS00347
46,MASS00358
47,MASS00360
48,MASS00361
49,MASS00362
50,MASS00363
51,MASS00364
52,MASS00379
53,MASS00380
54,MASS00381
55,MASS00382
56,MASS00384
57,MASS00392
58,MASS00393
59,MASS00399
60,MASS00400
61,MASS00401
62,MASS00402
63,MASS00404
64,MASS00405
65,MASS00406
66,MASS00407
67,MASS00409
68,MASS00410
69,MASS00411
70,MASS00412
71,MASS00413
72,MASS00419
73,MASS00420
74,MASS00424
75,MASS00427
76,MASS00428
77,MASS00429
78,MASS00430
79,MASS00438
80,MASS00439
81,MASS00440
82,MASS00441
83,MASS00442
84,MASS00445
85,MASS00446
86,MASS00460
87,MASS00472
88,MASS00473
89,MASS00476
90,MASS00478
91,MASS00479
92,MASS00480
93,MASS00481
94,MASS00487
95,MASS00488
96,MASS00489
97,MASS00493
98,MASS00494
99,MASS00495
100,MASS00509
101,MASS00517
102,MASS00518
103,MASS00520
104,MASS00522
105,MASS00533
106,MASS00534
107,MASS00537
108,MASS00538
109,MASS00539
110,MASS00541
111,MASS00542
112,MASS00543
113,MASS00545
114,MASS00546
115,MASS00547
116,MASS00548
117,MASS00549
118,MASS00550
119,MASS00552
120,MASS00553
121,MASS00554
122,MASS00555
123,MASS00556
124,MASS00557
125,MASS00558
126,MASS00559
127,MASS00560
128,MASS00561
129,MASS00562
130,MASS00566
131,MASS00567
132,MASS00570
133,MASS00576
134,MASS00590
135,MASS00598
136,MASS00601
137,MASS00602
138,MASS00603
139,MASS00604
140,MASS00609
141,MASS00610
142,MASS00611
143,MASS00615
144,MASS00616
145,MASS00627
146,MASS00628
147,MASS00634
148,MASS00635
149,MASS00637
150,MASS00639
151,MASS00641
152,MASS00642
153,MASS00645
154,MASS00651
155,MASS00652
156,MASS00661
157,MASS00665
158,MASS00666
159,MASS00669
160,MASS00674
161,MASS00676
162,MASS00679
163,MASS00681
164,MASS00688
165,MASS00689
166,MASS00690
167,MASS00694
168,MASS00698
169,MASS00713
170,MASS00718
171,MASS00719
172,MASS00731
173,MASS00738
174,MASS00739
175,MASS00741
176,MASS00744
177,MASS00747
178,MASS00748
179,MASS00751
180,MASS00752
181,MASS00753
182,MASS00754
183,MASS00779
184,MASS00780
185,MASS00785
186,MASS00786
187,MASS00793
188,MASS00803
189,MASS00805
190,MASS00808
191,MASS00813
192,MASS00816
193,MASS00817
194,MASS00821
195,MASS00822
196,MASS00827
197,MASS00828
198,MASS00832
199,MASS00837
200,MASS00838
201,MASS00844
202,MASS00845
203,MASS00847
204,MASS00848
205,MASS00849
206,MASS00853
207,MASS00855
208,MASS00866
209,MASS00871
210,MASS00873
211,MASS00876
212,MASS00877
213,MASS00878
214,MASS00879
215,MASS00880
216,MASS00881
217,MASS00883
218,MASS00886
219,MASS00888
220,MASS00890
221,MASS00891
222,MASS00892
223,MASS00896
224,MASS00898
225,MASS00899
226,MASS00900
227,MASS00901
228,MASS00902
229,MASS00903
230,MASS00904
231,MASS00905
232,MASS00908
233,MASS00910
234,MASS00911
235,MASS00912
236,MASS00916
237,MASS00917
238,MASS00918
239,MASS00919
240,MASS00920
241,MASS00921
242,MASS00922
243,MASS00923
244,MASS00924
245,MASS00925
246,MASS00926
247,MASS00928
248,MASS00929
249,MASS00930
250,MASS00932
251,MASS00933
252,MASS00934
253,MASS00935
254,MASS00936
255,MASS00937
256,MASS00938
257,MASS00941
258,MASS00944
259,MASS00947
260,MASS00949
261,MASS00950
262,MASS00951
263,MASS00952
264,MASS00953
265,MASS00954
266,MASS00955
267,MASS00956
268,MASS00959
269,MASS00962
270,MASS00964
271,MASS00965
272,MASS00967
273,MASS00968
274,MASS00969
275,MASS00971
276,MASS00975
277,MASS00976
278,MASS00977
279,MASS00978
280,MASS00984
281,MASS00992
282,MASS00993
283,MASS00997
284,MASS00998
285,MASS00999
286,MASS01000
287,MASS01001
288,MASS01003
289,MASS01006
290,MASS01008
291,MASS01011
292,MASS01013
293,MASS01014
294,MASS01016
295,MASS01017
296,MASS01022
297,MASS01023
298,MASS01024
299,MASS01026
300,MASS01027
301,MASS01028
302,MASS01030
303,MASS01031
304,MASS01034
305,MASS01035
306,MASS01036
307,MASS01038
308,MASS01039
309,MASS01040
310,MASS01041
311,MASS01044
312,MASS01047
313,MASS01048
314,MASS01049
315,MASS01050
316,MASS01051
317,MASS01052
318,MASS01055
319,MASS01056
320,MASS01059
321,MASS01069
322,MASS0107
323,MASS01070
324,MASS01071
325,MASS01072
326,MASS01073
327,MASS01075
328,MASS01076
329,MASS01078
330,MASS01082
331,MASS01084
332,MASS01085
333,MASS01086
334,MASS01087
335,MASS01088
336,MASS01089
337,MASS01090
338,MASS01092
339,MASS01094
340,MASS01096
341,MASS01097
342,MASS01098
343,MASS01099
344,MASS01100
345,MASS01101
346,MASS01102
347,MASS01106
348,MASS01108
349,MASS01110
350,MASS01112
351,MASS01114
352,MASS01115
353,MASS01118
354,MASS01119
355,MASS01120
356,MASS01122
357,MASS01123
358,MASS01124
359,MASS01127
360,MASS01128
361,MASS01129
362,MASS01131
363,MASS01132
364,MASS01134
365,MASS01137
366,MASS01138
367,MASS01141
368,MASS01142
369,MASS01146
370,MASS01147
371,MASS01148
372,MASS01152
373,MASS01153
374,MASS01159
375,MASS01161
376,MASS01167
377,MASS01169
378,MASS01170
379,MASS01174
380,MASS01175
381,MASS01176
382,MASS01177
383,MASS01178
384,MASS01179
385,MASS01180
386,MASS01181
387,MASS01183
388,MASS01184
389,MASS01186
390,MASS01189
391,MASS01190
392,MASS01191
393,MASS01192
394,MASS01193
395,MASS01194
396,MASS01195
397,MASS01196
398,MASS01197
399,MASS01198
400,MASS01199
401,MASS01200
402,MASS01201
403,MASS01202
404,MASS01203
405,MASS01204
406,MASS01206
407,MASS01207
408,MASS01208
409,MASS01209
410,MASS01210
411,MASS01212
412,MASS01215
413,MASS01217
414,MASS01218
415,MASS01219
416,MASS01220
417,MASS01223
418,MASS01224
419,MASS01226
420,MASS01227
421,MASS01229
422,MASS01232
423,MASS01234
424,MASS01235
425,MASS01236
426,MASS01237
427,MASS01238
428,MASS01239
429,MASS01242
430,MASS01248
431,MASS01251
432,MASS01254
433,MASS01256
434,MASS01257
435,MASS01258
436,MASS01265
437,MASS01266
438,MASS01267
439,MASS01268
440,MASS01270
441,MASS01271
442,MASS01274
443,MASS01276
444,MASS01277
445,MASS01278
446,MASS01279
447,MASS01280
448,MASS01281
449,MASS01285
450,MASS01286
451,MASS01287
452,MASS01288
453,MASS01289
454,MASS01290
455,MASS01291
456,MASS01292
457,MASS01294
458,MASS01297
459,MASS01299
460,MASS01300
461,MASS01301
462,MASS01302
463,MASS01304
464,MASS01305
465,MASS01306
466,MASS01307
467,MASS01308
468,MASS01309
469,MASS01310
470,MASS01320
471,MASS01321
472,MASS01323
473,MASS01328
474,MASS01329
475,MASS01331
476,MASS01332
477,MASS01336
478,MASS01339
479,MASS01340
480,MASS01343
481,MASS01344
482,MASS01346
483,MASS01347
484,MASS01348
485,MASS01349
486,MASS01353
487,MASS01355
488,MASS01356
489,MASS01358
490,MASS01359
491,MASS01360
492,MASS01361
493,MASS01363
494,MASS01364
495,MASS01365
496,MASS01366
497,MASS01367
498,MASS01368
499,MASS01370
500,MASS01371
501,MASS01372
502,MASS01373
503,MASS01374
504,MASS01382
505,MASS01383
506,MASS01384
507,MASS01385
508,MASS01386
509,MASS01387
510,MASS01388
511,MASS01389
512,MASS01391
513,MASS01392
514,MASS01393
515,MASS01394
516,MASS01395
517,MASS01397
518,MASS01398
519,MASS01399
520,MASS01400
521,MASS01401
522,MASS01402
523,MASS01403
524,MASS01407
525,MASS01408
526,MASS01409
527,MASS01410
528,MASS01411
529,MASS01412
530,MASS01413
531,MASS01414
532,MASS01425
533,MASS01426
534,MASS01428
535,MASS01429
536,MASS01430
537,MASS01431
538,MASS01433
539,MASS01445
540,MASS01450
541,MASS01453
542,MASS01456
543,MASS01457
544,MASS01472
545,MASS01474
546,MASS01475
547,MASS01481
548,MASS01485
549,MASS01486
550,MASS01491
551,MASS01496
552,MASS01498
553,MASS01501
554,MASS01502
555,MASS01504
556,MASS01505
557,MASS01511
558,MASS01514
559,MASS01517
560,MASS01518
561,MASS01520
562,MASS01521
563,MASS01531
564,MASS01533
565,MASS01534
566,MASS01535
567,MASS01539
568,MASS01541
569,MASS01551
570,MASS01555
571,MASS01556
572,MASS01557
573,MASS01558
574,MASS01559
575,MASS01563
576,MASS01571
577,MASS01579
578,MASS01582
579,MASS01583
580,MASS01584
581,MASS01585
582,MASS01588
583,MASS01589
584,MASS01590
585,MASS01591
586,MASS01592
587,MASS01597
588,MASS01602
589,MASS01604
590,MASS01605
591,MASS01606
592,MASS01607
593,MASS01608
594,MASS01609
595,MASS01610
596,MASS01611
597,MASS01612
598,MASS01613
599,MASS01614
600,MASS01616
601,MASS01617
602,MASS01620
603,MASS01621
604,MASS01622
605,MASS01624
606,MASS01625
607,MASS01626
608,MASS01627
609,MASS01628
610,MASS01629
611,MASS01630
612,MASS01632
613,MASS01633
614,MASS01634
615,MASS01635
616,MASS01636
617,MASS01637
618,MASS01638
619,MASS01639
620,MASS01640
621,MASS01642
622,MASS01643
623,MASS01644
624,MASS01645
625,MASS01646
626,MASS01647
627,MASS01651
628,MASS01652
629,MASS01653
630,MASS01654
631,MASS01657
632,MASS01658
633,MASS01662
634,MASS01663
635,MASS01664
636,MASS01665
637,MASS01666
638,MASS01667
639,MASS01668
640,MASS01669
641,MASS01671
642,MASS01672
643,MASS01673
