id,name
1,A1
2,A2
3,A3
4,A4
5,A5
6,A6
7,A7
8,A8
9,A9
10,A10
11,A11
12,A12
13,A13
14,A14
15,A15
16,A16
17,A17
18,A18
19,A19
20,B1
21,B2
22,B3
23,B4
24,B5
25,B6
26,B7
27,B8
28,B9
29,B10
30,B11
31,B12
32,B13
33,B14
34,B15
35,B16
36,B17
37,B18
38,B19
39,B20
40,C1
41,C2
42,C3
43,C4
44,C5
45,C6
46,C7
47,C8
48,C9
49,C10
50,C11
51,C12
52,C13
53,C14
54,C15
55,C16
56,C17
57,C18
58,C19
59,C20
60,C21
61,D1
62,D2
63,D3
64,D4
65,D5
66,D6
67,D7
68,D8
69,D9
70,D10
71,D11
72,D12
73,D13
74,D14
75,D15
76,E1
77,E2
78,E3
79,E4
80,E5
81,E6
82,E7
83,E8
84,E9
85,E10
86,E11
87,E12
88,E13
89,E14
90,E15
91,E16
92,E17
93,E18
94,E19
95,E20
96,E21
97,F1
98,F2
99,F3
100,F4
101,F5
102,F6
103,F7
104,F8
105,F9
106,F10
107,F11
108,F12
109,G1
110,G2
111,G3
112,G4
113,G5
114,G6
115,G7
116,G8
117,G9
118,G10
119,G11
120,G12
121,G13
122,G14
123,G15
124,H1
125,H2
126,H3
127,H4
128,H5
129,H6
130,H7
131,H8
132,H9
133,H10
134,H11
135,H12
136,H13
137,H14
138,H15
139,H16
140,H17
141,H18
142,H19
143,I1
144,I2
145,I3
146,I4
147,I5
148,I6
149,I7
150,I8
151,I9
152,I10
153,I11
154,I12
155,I13
156,I14
157,I15
158,I16
159,I17
